alert_id,scenario_id,scenario_type,expected_mitre,is_malicious
ALT-000001,S_BENIGN_10,noise,,false
ALT-000002,S_BENIGN_10,noise,,false
ALT-000003,S_BENIGN_10,noise,,false
ALT-000004,S_BENIGN_10,noise,,false
ALT-000005,S_BENIGN_07,monitoring,,false
ALT-000006,S_BENIGN_10,noise,,false
ALT-000007,S_BENIGN_10,noise,,false
ALT-000008,S_BENIGN_05,service_account,,false
ALT-000009,S_BENIGN_10,noise,,false
ALT-000010,S_BENIGN_10,noise,,false
ALT-000011,S_BENIGN_10,noise,,false
ALT-000012,S_BENIGN_05,service_account,,false
ALT-000013,S_BENIGN_10,noise,,false
ALT-000014,S_BENIGN_07,monitoring,,false
ALT-000015,S_BENIGN_07,monitoring,,false
ALT-000016,S_BENIGN_07,monitoring,,false
ALT-000017,S_BENIGN_07,monitoring,,false
ALT-000018,S_BENIGN_10,noise,,false
ALT-000019,S_BENIGN_10,noise,,false
ALT-000020,S_BENIGN_10,noise,,false
ALT-000021,S_BENIGN_10,noise,,false
ALT-000022,S_BENIGN_10,noise,,false
ALT-000023,S_BENIGN_10,noise,,false
ALT-000024,S_BENIGN_10,noise,,false
ALT-000025,S_BENIGN_10,noise,,false
ALT-000026,S_BENIGN_10,noise,,false
ALT-000027,S_BENIGN_05,service_account,,false
ALT-000028,S_BENIGN_05,service_account,,false
ALT-000029,S_BENIGN_10,noise,,false
ALT-000030,S_BENIGN_07,monitoring,,false
ALT-000031,S_BENIGN_10,noise,,false
ALT-000032,S_BENIGN_10,noise,,false
ALT-000033,S_BENIGN_10,noise,,false
ALT-000034,S_BENIGN_10,noise,,false
ALT-000035,S_BENIGN_10,noise,,false
ALT-000036,S_BENIGN_10,noise,,false
ALT-000037,S_BENIGN_05,service_account,,false
ALT-000038,S_BENIGN_10,noise,,false
ALT-000039,S_BENIGN_05,service_account,,false
ALT-000040,S_BENIGN_10,noise,,false
ALT-000041,S_BENIGN_10,noise,,false
ALT-000042,S_BENIGN_05,service_account,,false
ALT-000043,S_BENIGN_10,noise,,false
ALT-000044,S_BENIGN_05,service_account,,false
ALT-000045,S_BENIGN_05,service_account,,false
ALT-000046,S_BENIGN_10,noise,,false
ALT-000047,S_BENIGN_05,service_account,,false
ALT-000048,S_BENIGN_10,noise,,false
ALT-000049,S_BENIGN_10,noise,,false
ALT-000050,S_BENIGN_10,noise,,false
ALT-000051,S_BENIGN_06,vulnerability_scanner,,false
ALT-000052,S_BENIGN_05,service_account,,false
ALT-000053,S_BENIGN_06,vulnerability_scanner,,false
ALT-000054,S_BENIGN_06,vulnerability_scanner,,false
ALT-000055,S_BENIGN_06,vulnerability_scanner,,false
ALT-000056,S_BENIGN_06,vulnerability_scanner,,false
ALT-000057,S_BENIGN_06,vulnerability_scanner,,false
ALT-000058,S_BENIGN_10,noise,,false
ALT-000059,S_BENIGN_06,vulnerability_scanner,,false
ALT-000060,S_BENIGN_06,vulnerability_scanner,,false
ALT-000061,S_BENIGN_06,vulnerability_scanner,,false
ALT-000062,S_BENIGN_06,vulnerability_scanner,,false
ALT-000063,S_BENIGN_06,vulnerability_scanner,,false
ALT-000064,S_BENIGN_06,vulnerability_scanner,,false
ALT-000065,S_BENIGN_10,noise,,false
ALT-000066,S_BENIGN_06,vulnerability_scanner,,false
ALT-000067,S_BENIGN_06,vulnerability_scanner,,false
ALT-000068,S_BENIGN_06,vulnerability_scanner,,false
ALT-000069,S_BENIGN_06,vulnerability_scanner,,false
ALT-000070,S_BENIGN_06,vulnerability_scanner,,false
ALT-000071,S_BENIGN_10,noise,,false
ALT-000072,S_BENIGN_06,vulnerability_scanner,,false
ALT-000073,S_BENIGN_06,vulnerability_scanner,,false
ALT-000074,S_BENIGN_06,vulnerability_scanner,,false
ALT-000075,S_BENIGN_10,noise,,false
ALT-000076,S_BENIGN_06,vulnerability_scanner,,false
ALT-000077,S_BENIGN_06,vulnerability_scanner,,false
ALT-000078,S_BENIGN_06,vulnerability_scanner,,false
ALT-000079,S_BENIGN_06,vulnerability_scanner,,false
ALT-000080,S_BENIGN_06,vulnerability_scanner,,false
ALT-000081,S_BENIGN_06,vulnerability_scanner,,false
ALT-000082,S_BENIGN_10,noise,,false
ALT-000083,S_BENIGN_06,vulnerability_scanner,,false
ALT-000084,S_BENIGN_10,noise,,false
ALT-000085,S_BENIGN_06,vulnerability_scanner,,false
ALT-000086,S_BENIGN_06,vulnerability_scanner,,false
ALT-000087,S_BENIGN_06,vulnerability_scanner,,false
ALT-000088,S_BENIGN_10,noise,,false
ALT-000089,S_BENIGN_10,noise,,false
ALT-000090,S_BENIGN_06,vulnerability_scanner,,false
ALT-000091,S_BENIGN_06,vulnerability_scanner,,false
ALT-000092,S_BENIGN_05,service_account,,false
ALT-000093,S_BENIGN_06,vulnerability_scanner,,false
ALT-000094,S_BENIGN_06,vulnerability_scanner,,false
ALT-000095,S_BENIGN_06,vulnerability_scanner,,false
ALT-000096,S_BENIGN_06,vulnerability_scanner,,false
ALT-000097,S_BENIGN_06,vulnerability_scanner,,false
ALT-000098,S_BENIGN_05,service_account,,false
ALT-000099,S_BENIGN_10,noise,,false
ALT-000100,S_BENIGN_10,noise,,false
ALT-000101,S_BENIGN_10,noise,,false
ALT-000102,S_BENIGN_06,vulnerability_scanner,,false
ALT-000103,S_BENIGN_10,noise,,false
ALT-000104,S_BENIGN_06,vulnerability_scanner,,false
ALT-000105,S_BENIGN_06,vulnerability_scanner,,false
ALT-000106,S_BENIGN_06,vulnerability_scanner,,false
ALT-000107,S_BENIGN_06,vulnerability_scanner,,false
ALT-000108,S_BENIGN_10,noise,,false
ALT-000109,S_BENIGN_06,vulnerability_scanner,,false
ALT-000110,S_BENIGN_06,vulnerability_scanner,,false
ALT-000111,S_BENIGN_06,vulnerability_scanner,,false
ALT-000112,S_BENIGN_06,vulnerability_scanner,,false
ALT-000113,S_BENIGN_06,vulnerability_scanner,,false
ALT-000114,S_BENIGN_06,vulnerability_scanner,,false
ALT-000115,S_BENIGN_06,vulnerability_scanner,,false
ALT-000116,S_BENIGN_06,vulnerability_scanner,,false
ALT-000117,S_BENIGN_06,vulnerability_scanner,,false
ALT-000118,S_BENIGN_06,vulnerability_scanner,,false
ALT-000119,S_BENIGN_10,noise,,false
ALT-000120,S_BENIGN_10,noise,,false
ALT-000121,S_BENIGN_06,vulnerability_scanner,,false
ALT-000122,S_BENIGN_10,noise,,false
ALT-000123,S_BENIGN_10,noise,,false
ALT-000124,S_BENIGN_06,vulnerability_scanner,,false
ALT-000125,S_BENIGN_06,vulnerability_scanner,,false
ALT-000126,S_BENIGN_06,vulnerability_scanner,,false
ALT-000127,S_BENIGN_06,vulnerability_scanner,,false
ALT-000128,S_BENIGN_06,vulnerability_scanner,,false
ALT-000129,S_BENIGN_06,vulnerability_scanner,,false
ALT-000130,S_BENIGN_05,service_account,,false
ALT-000131,S_BENIGN_07,monitoring,,false
ALT-000132,S_BENIGN_05,service_account,,false
ALT-000133,S_BENIGN_06,vulnerability_scanner,,false
ALT-000134,S_BENIGN_06,vulnerability_scanner,,false
ALT-000135,S_BENIGN_06,vulnerability_scanner,,false
ALT-000136,S_BENIGN_06,vulnerability_scanner,,false
ALT-000137,S_BENIGN_10,noise,,false
ALT-000138,S_BENIGN_06,vulnerability_scanner,,false
ALT-000139,S_BENIGN_05,service_account,,false
ALT-000140,S_BENIGN_05,service_account,,false
ALT-000141,S_BENIGN_06,vulnerability_scanner,,false
ALT-000142,S_BENIGN_06,vulnerability_scanner,,false
ALT-000143,S_BENIGN_06,vulnerability_scanner,,false
ALT-000144,S_BENIGN_10,noise,,false
ALT-000145,S_BENIGN_06,vulnerability_scanner,,false
ALT-000146,S_BENIGN_06,vulnerability_scanner,,false
ALT-000147,S_BENIGN_06,vulnerability_scanner,,false
ALT-000148,S_BENIGN_10,noise,,false
ALT-000149,S_BENIGN_05,service_account,,false
ALT-000150,S_BENIGN_07,monitoring,,false
ALT-000151,S_BENIGN_10,noise,,false
ALT-000152,S_BENIGN_06,vulnerability_scanner,,false
ALT-000153,S_BENIGN_06,vulnerability_scanner,,false
ALT-000154,S_BENIGN_07,monitoring,,false
ALT-000155,S_BENIGN_06,vulnerability_scanner,,false
ALT-000156,S_BENIGN_06,vulnerability_scanner,,false
ALT-000157,S_BENIGN_06,vulnerability_scanner,,false
ALT-000158,S_BENIGN_05,service_account,,false
ALT-000159,S_BENIGN_10,noise,,false
ALT-000160,S_BENIGN_06,vulnerability_scanner,,false
ALT-000161,S_BENIGN_06,vulnerability_scanner,,false
ALT-000162,S_BENIGN_06,vulnerability_scanner,,false
ALT-000163,S_BENIGN_06,vulnerability_scanner,,false
ALT-000164,S_BENIGN_06,vulnerability_scanner,,false
ALT-000165,S_BENIGN_06,vulnerability_scanner,,false
ALT-000166,S_BENIGN_06,vulnerability_scanner,,false
ALT-000167,S_BENIGN_10,noise,,false
ALT-000168,S_BENIGN_06,vulnerability_scanner,,false
ALT-000169,S_BENIGN_06,vulnerability_scanner,,false
ALT-000170,S_BENIGN_10,noise,,false
ALT-000171,S_BENIGN_06,vulnerability_scanner,,false
ALT-000172,S_BENIGN_06,vulnerability_scanner,,false
ALT-000173,S_BENIGN_10,noise,,false
ALT-000174,S_BENIGN_06,vulnerability_scanner,,false
ALT-000175,S_BENIGN_06,vulnerability_scanner,,false
ALT-000176,S_BENIGN_10,noise,,false
ALT-000177,S_BENIGN_06,vulnerability_scanner,,false
ALT-000178,S_BENIGN_10,noise,,false
ALT-000179,S_BENIGN_10,noise,,false
ALT-000180,S_BENIGN_06,vulnerability_scanner,,false
ALT-000181,S_BENIGN_06,vulnerability_scanner,,false
ALT-000182,S_BENIGN_06,vulnerability_scanner,,false
ALT-000183,S_BENIGN_06,vulnerability_scanner,,false
ALT-000184,S_BENIGN_06,vulnerability_scanner,,false
ALT-000185,S_BENIGN_06,vulnerability_scanner,,false
ALT-000186,S_BENIGN_06,vulnerability_scanner,,false
ALT-000187,S_BENIGN_10,noise,,false
ALT-000188,S_BENIGN_06,vulnerability_scanner,,false
ALT-000189,S_BENIGN_06,vulnerability_scanner,,false
ALT-000190,S_BENIGN_06,vulnerability_scanner,,false
ALT-000191,S_BENIGN_06,vulnerability_scanner,,false
ALT-000192,S_BENIGN_10,noise,,false
ALT-000193,S_BENIGN_05,service_account,,false
ALT-000194,S_BENIGN_10,noise,,false
ALT-000195,S_BENIGN_10,noise,,false
ALT-000196,S_BENIGN_10,noise,,false
ALT-000197,S_BENIGN_10,noise,,false
ALT-000198,S_BENIGN_05,service_account,,false
ALT-000199,S_BENIGN_05,service_account,,false
ALT-000200,S_BENIGN_10,noise,,false
ALT-000201,S_BENIGN_07,monitoring,,false
ALT-000202,S_BENIGN_07,monitoring,,false
ALT-000203,S_BENIGN_10,noise,,false
ALT-000204,S_BENIGN_07,monitoring,,false
ALT-000205,S_BENIGN_10,noise,,false
ALT-000206,S_BENIGN_10,noise,,false
ALT-000207,S_BENIGN_05,service_account,,false
ALT-000208,S_BENIGN_10,noise,,false
ALT-000209,S_BENIGN_10,noise,,false
ALT-000210,S_BENIGN_10,noise,,false
ALT-000211,S_BENIGN_10,noise,,false
ALT-000212,S_BENIGN_10,noise,,false
ALT-000213,S_BENIGN_05,service_account,,false
ALT-000214,S_BENIGN_10,noise,,false
ALT-000215,S_BENIGN_05,service_account,,false
ALT-000216,S_BENIGN_10,noise,,false
ALT-000217,S_BENIGN_10,noise,,false
ALT-000218,S_BENIGN_10,noise,,false
ALT-000219,S_BENIGN_07,monitoring,,false
ALT-000220,S_BENIGN_10,noise,,false
ALT-000221,S_BENIGN_05,service_account,,false
ALT-000222,S_BENIGN_05,service_account,,false
ALT-000223,S_BENIGN_10,noise,,false
ALT-000224,S_BENIGN_10,noise,,false
ALT-000225,S_BENIGN_10,noise,,false
ALT-000226,S_BENIGN_10,noise,,false
ALT-000227,S_BENIGN_05,service_account,,false
ALT-000228,S_BENIGN_07,monitoring,,false
ALT-000229,S_BENIGN_10,noise,,false
ALT-000230,S_BENIGN_10,noise,,false
ALT-000231,S_BENIGN_07,monitoring,,false
ALT-000232,S_BENIGN_10,noise,,false
ALT-000233,S_BENIGN_10,noise,,false
ALT-000234,S_BENIGN_07,monitoring,,false
ALT-000235,S_BENIGN_10,noise,,false
ALT-000236,S_BENIGN_07,monitoring,,false
ALT-000237,S_BENIGN_05,service_account,,false
ALT-000238,S_BENIGN_01,normal_login,,false
ALT-000239,S_BENIGN_10,noise,,false
ALT-000240,S_BENIGN_05,service_account,,false
ALT-000241,S_BENIGN_01,normal_login,,false
ALT-000242,S_BENIGN_01,normal_login,,false
ALT-000243,S_BENIGN_10,noise,,false
ALT-000244,S_BENIGN_01,normal_login,,false
ALT-000245,S_BENIGN_10,noise,,false
ALT-000246,S_BENIGN_01,normal_login,,false
ALT-000247,S_BENIGN_10,noise,,false
ALT-000248,S_BENIGN_01,normal_login,,false
ALT-000249,S_BENIGN_07,monitoring,,false
ALT-000250,S_BENIGN_10,noise,,false
ALT-000251,S_BENIGN_10,noise,,false
ALT-000252,S_BENIGN_01,normal_login,,false
ALT-000253,S_BENIGN_01,normal_login,,false
ALT-000254,S_BENIGN_05,service_account,,false
ALT-000255,S_BENIGN_10,noise,,false
ALT-000256,S_BENIGN_01,normal_login,,false
ALT-000257,S_BENIGN_10,noise,,false
ALT-000258,S_BENIGN_01,normal_login,,false
ALT-000259,S_BENIGN_01,normal_login,,false
ALT-000260,S_BENIGN_10,noise,,false
ALT-000261,S_BENIGN_01,normal_login,,false
ALT-000262,S_BENIGN_10,noise,,false
ALT-000263,S_BENIGN_05,service_account,,false
ALT-000264,S_BENIGN_10,noise,,false
ALT-000265,S_BENIGN_10,noise,,false
ALT-000266,S_BENIGN_01,normal_login,,false
ALT-000267,S_BENIGN_05,service_account,,false
ALT-000268,S_BENIGN_01,normal_login,,false
ALT-000269,S_BENIGN_10,noise,,false
ALT-000270,S_BENIGN_10,noise,,false
ALT-000271,S_BENIGN_01,normal_login,,false
ALT-000272,S_BENIGN_01,normal_login,,false
ALT-000273,S_BENIGN_10,noise,,false
ALT-000274,S_BENIGN_10,noise,,false
ALT-000275,S_BENIGN_01,normal_login,,false
ALT-000276,S_BENIGN_07,monitoring,,false
ALT-000277,S_BENIGN_01,normal_login,,false
ALT-000278,S_BENIGN_01,normal_login,,false
ALT-000279,S_BENIGN_10,noise,,false
ALT-000280,S_BENIGN_01,normal_login,,false
ALT-000281,S_BENIGN_01,normal_login,,false
ALT-000282,S_BENIGN_01,normal_login,,false
ALT-000283,S_BENIGN_07,monitoring,,false
ALT-000284,S_BENIGN_10,noise,,false
ALT-000285,S_BENIGN_02,vpn_login,,false
ALT-000286,S_BENIGN_10,noise,,false
ALT-000287,S_BENIGN_10,noise,,false
ALT-000288,S_BENIGN_01,normal_login,,false
ALT-000289,S_BENIGN_10,noise,,false
ALT-000290,S_BENIGN_10,noise,,false
ALT-000291,S_BENIGN_01,normal_login,,false
ALT-000292,S_BENIGN_07,monitoring,,false
ALT-000293,S_BENIGN_10,noise,,false
ALT-000294,S_BENIGN_05,service_account,,false
ALT-000295,S_BENIGN_01,normal_login,,false
ALT-000296,S_BENIGN_02,vpn_login,,false
ALT-000297,S_BENIGN_10,noise,,false
ALT-000298,S_BENIGN_07,monitoring,,false
ALT-000299,S_BENIGN_01,normal_login,,false
ALT-000300,S_BENIGN_10,noise,,false
ALT-000301,S_BENIGN_10,noise,,false
ALT-000302,S_BENIGN_10,noise,,false
ALT-000303,S_BENIGN_01,normal_login,,false
ALT-000304,S_BENIGN_02,vpn_login,,false
ALT-000305,S_BENIGN_10,noise,,false
ALT-000306,S_BENIGN_01,normal_login,,false
ALT-000307,S_BENIGN_02,vpn_login,,false
ALT-000308,S_BENIGN_07,monitoring,,false
ALT-000309,S_BENIGN_01,normal_login,,false
ALT-000310,S_BENIGN_10,noise,,false
ALT-000311,S_BENIGN_02,vpn_login,,false
ALT-000312,S_BENIGN_10,noise,,false
ALT-000313,S_BENIGN_01,normal_login,,false
ALT-000314,S_BENIGN_10,noise,,false
ALT-000315,S_BENIGN_01,normal_login,,false
ALT-000316,S_BENIGN_10,noise,,false
ALT-000317,S_BENIGN_02,vpn_login,,false
ALT-000318,S_BENIGN_10,noise,,false
ALT-000319,S_BENIGN_01,normal_login,,false
ALT-000320,S_BENIGN_01,normal_login,,false
ALT-000321,S_BENIGN_01,normal_login,,false
ALT-000322,S_BENIGN_05,service_account,,false
ALT-000323,S_BENIGN_01,normal_login,,false
ALT-000324,S_BENIGN_02,vpn_login,,false
ALT-000325,S_BENIGN_10,noise,,false
ALT-000326,S_BENIGN_01,normal_login,,false
ALT-000327,S_BENIGN_05,service_account,,false
ALT-000328,S_BENIGN_01,normal_login,,false
ALT-000329,S_BENIGN_01,normal_login,,false
ALT-000330,S_BENIGN_10,noise,,false
ALT-000331,S_BENIGN_01,normal_login,,false
ALT-000332,S_BENIGN_01,normal_login,,false
ALT-000333,S_BENIGN_10,noise,,false
ALT-000334,S_BENIGN_01,normal_login,,false
ALT-000335,S_BENIGN_10,noise,,false
ALT-000336,S_BENIGN_05,service_account,,false
ALT-000337,S_BENIGN_02,vpn_login,,false
ALT-000338,S_BENIGN_10,noise,,false
ALT-000339,S_BENIGN_02,vpn_login,,false
ALT-000340,S_BENIGN_02,vpn_login,,false
ALT-000341,S_BENIGN_02,vpn_login,,false
ALT-000342,S_BENIGN_02,vpn_login,,false
ALT-000343,S_BENIGN_01,normal_login,,false
ALT-000344,S_BENIGN_02,vpn_login,,false
ALT-000345,S_BENIGN_02,vpn_login,,false
ALT-000346,S_BENIGN_01,normal_login,,false
ALT-000347,S_BENIGN_04,corporate_nat,,false
ALT-000348,S_BENIGN_04,corporate_nat,,false
ALT-000349,S_BENIGN_05,service_account,,false
ALT-000350,S_BENIGN_03,public_wifi,,false
ALT-000351,S_BENIGN_04,corporate_nat,,false
ALT-000352,S_BENIGN_01,normal_login,,false
ALT-000353,S_BENIGN_01,normal_login,,false
ALT-000354,S_BENIGN_01,normal_login,,false
ALT-000355,S_BENIGN_01,normal_login,,false
ALT-000356,S_BENIGN_02,vpn_login,,false
ALT-000357,S_BENIGN_02,vpn_login,,false
ALT-000358,S_BENIGN_01,normal_login,,false
ALT-000359,S_BENIGN_01,normal_login,,false
ALT-000360,S_BENIGN_01,normal_login,,false
ALT-000361,S_BENIGN_09,normal_password_failure,,false
ALT-000362,S_BENIGN_09,normal_password_failure,,false
ALT-000363,S_BENIGN_04,corporate_nat,,false
ALT-000364,S_BENIGN_02,vpn_login,,false
ALT-000365,S_BENIGN_03,public_wifi,,false
ALT-000366,S_BENIGN_01,normal_login,,false
ALT-000367,S_BENIGN_01,normal_login,,false
ALT-000368,S_BENIGN_01,normal_login,,false
ALT-000369,S_BENIGN_01,normal_login,,false
ALT-000370,S_BENIGN_05,service_account,,false
ALT-000371,S_BENIGN_04,corporate_nat,,false
ALT-000372,S_BENIGN_02,vpn_login,,false
ALT-000373,S_BENIGN_01,normal_login,,false
ALT-000374,S_BENIGN_03,public_wifi,,false
ALT-000375,S_BENIGN_04,corporate_nat,,false
ALT-000376,S_BENIGN_04,corporate_nat,,false
ALT-000377,S_BENIGN_01,normal_login,,false
ALT-000378,S_BENIGN_07,monitoring,,false
ALT-000379,S_BENIGN_04,corporate_nat,,false
ALT-000380,S_BENIGN_10,noise,,false
ALT-000381,S_BENIGN_04,corporate_nat,,false
ALT-000382,S_BENIGN_08,normal_password_reset,,false
ALT-000383,S_BENIGN_01,normal_login,,false
ALT-000384,S_BENIGN_10,noise,,false
ALT-000385,S_BENIGN_02,vpn_login,,false
ALT-000386,S_BENIGN_10,noise,,false
ALT-000387,S_BENIGN_02,vpn_login,,false
ALT-000388,S_BENIGN_01,normal_login,,false
ALT-000389,S_BENIGN_01,normal_login,,false
ALT-000390,S_BENIGN_03,public_wifi,,false
ALT-000391,S_BENIGN_01,normal_login,,false
ALT-000392,S_BENIGN_02,vpn_login,,false
ALT-000393,S_BENIGN_02,vpn_login,,false
ALT-000394,S_BENIGN_10,noise,,false
ALT-000395,S_BENIGN_09,normal_password_failure,,false
ALT-000396,S_BENIGN_10,noise,,false
ALT-000397,S_BENIGN_03,public_wifi,,false
ALT-000398,S_BENIGN_09,normal_password_failure,,false
ALT-000399,S_BENIGN_04,corporate_nat,,false
ALT-000400,S_BENIGN_03,public_wifi,,false
ALT-000401,S_BENIGN_01,normal_login,,false
ALT-000402,S_BENIGN_01,normal_login,,false
ALT-000403,S_BENIGN_07,monitoring,,false
ALT-000404,S_BENIGN_01,normal_login,,false
ALT-000405,S_BENIGN_01,normal_login,,false
ALT-000406,S_BENIGN_10,noise,,false
ALT-000407,S_BENIGN_02,vpn_login,,false
ALT-000408,S_BENIGN_02,vpn_login,,false
ALT-000409,S_BENIGN_04,corporate_nat,,false
ALT-000410,S_BENIGN_05,service_account,,false
ALT-000411,S_BENIGN_01,normal_login,,false
ALT-000412,S_BENIGN_07,monitoring,,false
ALT-000413,S_BENIGN_10,noise,,false
ALT-000414,S_BENIGN_01,normal_login,,false
ALT-000415,S_BENIGN_03,public_wifi,,false
ALT-000416,S_BENIGN_03,public_wifi,,false
ALT-000417,S_BENIGN_02,vpn_login,,false
ALT-000418,S_BENIGN_04,corporate_nat,,false
ALT-000419,S_BENIGN_10,noise,,false
ALT-000420,S_BENIGN_02,vpn_login,,false
ALT-000421,S_BENIGN_05,service_account,,false
ALT-000422,S_BENIGN_01,normal_login,,false
ALT-000423,S_BENIGN_01,normal_login,,false
ALT-000424,S_BENIGN_03,public_wifi,,false
ALT-000425,S_BENIGN_04,corporate_nat,,false
ALT-000426,S_BENIGN_10,noise,,false
ALT-000427,S_BENIGN_01,normal_login,,false
ALT-000428,S_BENIGN_03,public_wifi,,false
ALT-000429,S_BENIGN_01,normal_login,,false
ALT-000430,S_BENIGN_10,noise,,false
ALT-000431,S_BENIGN_01,normal_login,,false
ALT-000432,S_BENIGN_08,normal_password_reset,,false
ALT-000433,S_BENIGN_02,vpn_login,,false
ALT-000434,S_BENIGN_04,corporate_nat,,false
ALT-000435,S_BENIGN_01,normal_login,,false
ALT-000436,S_BENIGN_01,normal_login,,false
ALT-000437,S_BENIGN_02,vpn_login,,false
ALT-000438,S_BENIGN_08,normal_password_reset,,false
ALT-000439,S_BENIGN_03,public_wifi,,false
ALT-000440,S_BENIGN_10,noise,,false
ALT-000441,S_BENIGN_03,public_wifi,,false
ALT-000442,S_BENIGN_04,corporate_nat,,false
ALT-000443,S_BENIGN_01,normal_login,,false
ALT-000444,S_BENIGN_01,normal_login,,false
ALT-000445,S_BENIGN_10,noise,,false
ALT-000446,S_BENIGN_05,service_account,,false
ALT-000447,S_BENIGN_04,corporate_nat,,false
ALT-000448,S_BENIGN_04,corporate_nat,,false
ALT-000449,S_BENIGN_03,public_wifi,,false
ALT-000450,S_BENIGN_04,corporate_nat,,false
ALT-000451,S_BENIGN_01,normal_login,,false
ALT-000452,S_BENIGN_01,normal_login,,false
ALT-000453,S_BENIGN_02,vpn_login,,false
ALT-000454,S_BENIGN_01,normal_login,,false
ALT-000455,S_BENIGN_05,service_account,,false
ALT-000456,S_BENIGN_01,normal_login,,false
ALT-000457,S_BENIGN_01,normal_login,,false
ALT-000458,S_BENIGN_04,corporate_nat,,false
ALT-000459,S_BENIGN_03,public_wifi,,false
ALT-000460,S_BENIGN_01,normal_login,,false
ALT-000461,S_BENIGN_01,normal_login,,false
ALT-000462,S_BENIGN_03,public_wifi,,false
ALT-000463,S_BENIGN_02,vpn_login,,false
ALT-000464,S_BENIGN_01,normal_login,,false
ALT-000465,S_BENIGN_01,normal_login,,false
ALT-000466,S_BENIGN_04,corporate_nat,,false
ALT-000467,S_BENIGN_10,noise,,false
ALT-000468,S_BENIGN_01,normal_login,,false
ALT-000469,S_BENIGN_01,normal_login,,false
ALT-000470,S_BENIGN_01,normal_login,,false
ALT-000471,S_BENIGN_07,monitoring,,false
ALT-000472,S_BENIGN_01,normal_login,,false
ALT-000473,S_BENIGN_04,corporate_nat,,false
ALT-000474,S_BENIGN_01,normal_login,,false
ALT-000475,S_BENIGN_01,normal_login,,false
ALT-000476,S_BENIGN_03,public_wifi,,false
ALT-000477,S_BENIGN_03,public_wifi,,false
ALT-000478,S_BENIGN_01,normal_login,,false
ALT-000479,S_BENIGN_01,normal_login,,false
ALT-000480,S_BENIGN_01,normal_login,,false
ALT-000481,S_BENIGN_01,normal_login,,false
ALT-000482,S_BENIGN_03,public_wifi,,false
ALT-000483,S_BENIGN_02,vpn_login,,false
ALT-000484,S_BENIGN_03,public_wifi,,false
ALT-000485,S_BENIGN_01,normal_login,,false
ALT-000486,S_BENIGN_04,corporate_nat,,false
ALT-000487,S_BENIGN_04,corporate_nat,,false
ALT-000488,S_BENIGN_01,normal_login,,false
ALT-000489,S_BENIGN_09,normal_password_failure,,false
ALT-000490,S_BENIGN_09,normal_password_failure,,false
ALT-000491,S_BENIGN_03,public_wifi,,false
ALT-000492,S_BENIGN_01,normal_login,,false
ALT-000493,S_BENIGN_09,normal_password_failure,,false
ALT-000494,S_BENIGN_02,vpn_login,,false
ALT-000495,S_BENIGN_01,normal_login,,false
ALT-000496,S_BENIGN_09,normal_password_failure,,false
ALT-000497,S_BENIGN_01,normal_login,,false
ALT-000498,S_BENIGN_01,normal_login,,false
ALT-000499,S_BENIGN_04,corporate_nat,,false
ALT-000500,S_BENIGN_04,corporate_nat,,false
ALT-000501,S_BENIGN_01,normal_login,,false
ALT-000502,S_BENIGN_04,corporate_nat,,false
ALT-000503,S_BENIGN_04,corporate_nat,,false
ALT-000504,S_BENIGN_01,normal_login,,false
ALT-000505,S_BENIGN_04,corporate_nat,,false
ALT-000506,S_BENIGN_01,normal_login,,false
ALT-000507,S_BENIGN_03,public_wifi,,false
ALT-000508,S_BENIGN_10,noise,,false
ALT-000509,S_BENIGN_01,normal_login,,false
ALT-000510,S_BENIGN_01,normal_login,,false
ALT-000511,S_BENIGN_10,noise,,false
ALT-000512,S_BENIGN_01,normal_login,,false
ALT-000513,S_BENIGN_03,public_wifi,,false
ALT-000514,S_BENIGN_04,corporate_nat,,false
ALT-000515,S_BENIGN_03,public_wifi,,false
ALT-000516,S_BENIGN_03,public_wifi,,false
ALT-000517,S_BENIGN_01,normal_login,,false
ALT-000518,S_BENIGN_01,normal_login,,false
ALT-000519,S_BENIGN_01,normal_login,,false
ALT-000520,S_BENIGN_01,normal_login,,false
ALT-000521,S_BENIGN_02,vpn_login,,false
ALT-000522,S_BENIGN_07,monitoring,,false
ALT-000523,S_BENIGN_03,public_wifi,,false
ALT-000524,S_BENIGN_09,normal_password_failure,,false
ALT-000525,S_BENIGN_08,normal_password_reset,,false
ALT-000526,S_BENIGN_04,corporate_nat,,false
ALT-000527,S_BENIGN_09,normal_password_failure,,false
ALT-000528,S_BENIGN_09,normal_password_failure,,false
ALT-000529,S_BENIGN_01,normal_login,,false
ALT-000530,S_BENIGN_10,noise,,false
ALT-000531,S_BENIGN_04,corporate_nat,,false
ALT-000532,S_ATTACK_08,phishing,T1566,true
ALT-000533,S_BENIGN_09,normal_password_failure,,false
ALT-000534,S_BENIGN_01,normal_login,,false
ALT-000535,S_BENIGN_01,normal_login,,false
ALT-000536,S_BENIGN_01,normal_login,,false
ALT-000537,S_BENIGN_04,corporate_nat,,false
ALT-000538,S_ATTACK_08,phishing,T1566,true
ALT-000539,S_BENIGN_02,vpn_login,,false
ALT-000540,S_BENIGN_03,public_wifi,,false
ALT-000541,S_BENIGN_04,corporate_nat,,false
ALT-000542,S_ATTACK_08,phishing,T1566,true
ALT-000543,S_BENIGN_01,normal_login,,false
ALT-000544,S_BENIGN_10,noise,,false
ALT-000545,S_BENIGN_07,monitoring,,false
ALT-000546,S_ATTACK_08,phishing,T1566,true
ALT-000547,S_BENIGN_01,normal_login,,false
ALT-000548,S_BENIGN_10,noise,,false
ALT-000549,S_BENIGN_10,noise,,false
ALT-000550,S_BENIGN_01,normal_login,,false
ALT-000551,S_ATTACK_08,phishing,T1566,true
ALT-000552,S_BENIGN_01,normal_login,,false
ALT-000553,S_BENIGN_01,normal_login,,false
ALT-000554,S_BENIGN_07,monitoring,,false
ALT-000555,S_BENIGN_01,normal_login,,false
ALT-000556,S_BENIGN_09,normal_password_failure,,false
ALT-000557,S_BENIGN_01,normal_login,,false
ALT-000558,S_BENIGN_09,normal_password_failure,,false
ALT-000559,S_BENIGN_03,public_wifi,,false
ALT-000560,S_BENIGN_03,public_wifi,,false
ALT-000561,S_BENIGN_10,noise,,false
ALT-000562,S_BENIGN_01,normal_login,,false
ALT-000563,S_BENIGN_04,corporate_nat,,false
ALT-000564,S_BENIGN_01,normal_login,,false
ALT-000565,S_BENIGN_01,normal_login,,false
ALT-000566,S_BENIGN_01,normal_login,,false
ALT-000567,S_BENIGN_01,normal_login,,false
ALT-000568,S_BENIGN_03,public_wifi,,false
ALT-000569,S_BENIGN_01,normal_login,,false
ALT-000570,S_ATTACK_08,phishing,T1566,true
ALT-000571,S_ATTACK_08,phishing,T1566,true
ALT-000572,S_BENIGN_01,normal_login,,false
ALT-000573,S_BENIGN_02,vpn_login,,false
ALT-000574,S_BENIGN_02,vpn_login,,false
ALT-000575,S_BENIGN_01,normal_login,,false
ALT-000576,S_BENIGN_01,normal_login,,false
ALT-000577,S_BENIGN_01,normal_login,,false
ALT-000578,S_BENIGN_01,normal_login,,false
ALT-000579,S_BENIGN_03,public_wifi,,false
ALT-000580,S_BENIGN_10,noise,,false
ALT-000581,S_BENIGN_04,corporate_nat,,false
ALT-000582,S_BENIGN_01,normal_login,,false
ALT-000583,S_BENIGN_01,normal_login,,false
ALT-000584,S_BENIGN_01,normal_login,,false
ALT-000585,S_BENIGN_07,monitoring,,false
ALT-000586,S_BENIGN_01,normal_login,,false
ALT-000587,S_BENIGN_10,noise,,false
ALT-000588,S_BENIGN_01,normal_login,,false
ALT-000589,S_BENIGN_04,corporate_nat,,false
ALT-000590,S_BENIGN_01,normal_login,,false
ALT-000591,S_BENIGN_01,normal_login,,false
ALT-000592,S_BENIGN_01,normal_login,,false
ALT-000593,S_BENIGN_01,normal_login,,false
ALT-000594,S_BENIGN_01,normal_login,,false
ALT-000595,S_BENIGN_01,normal_login,,false
ALT-000596,S_BENIGN_04,corporate_nat,,false
ALT-000597,S_BENIGN_05,service_account,,false
ALT-000598,S_BENIGN_03,public_wifi,,false
ALT-000599,S_BENIGN_04,corporate_nat,,false
ALT-000600,S_BENIGN_04,corporate_nat,,false
ALT-000601,S_BENIGN_01,normal_login,,false
ALT-000602,S_ATTACK_01,brute_force,T1110,true
ALT-000603,S_ATTACK_07,impossible_travel,T1078.004,true
ALT-000604,S_ATTACK_01,brute_force,T1110,true
ALT-000605,S_ATTACK_01,brute_force,T1110,true
ALT-000606,S_ATTACK_01,brute_force,T1110,true
ALT-000607,S_ATTACK_01,brute_force,T1110,true
ALT-000608,S_ATTACK_01,brute_force,T1110,true
ALT-000609,S_ATTACK_01,brute_force,T1110,true
ALT-000610,S_ATTACK_01,brute_force,T1110,true
ALT-000611,S_ATTACK_01,brute_force,T1110,true
ALT-000612,S_ATTACK_01,brute_force,T1110,true
ALT-000613,S_ATTACK_07,impossible_travel,T1078.004,true
ALT-000614,S_ATTACK_01,brute_force,T1110,true
ALT-000615,S_ATTACK_01,brute_force,T1110,true
ALT-000616,S_ATTACK_01,brute_force,T1110,true
ALT-000617,S_ATTACK_01,brute_force,T1110,true
ALT-000618,S_ATTACK_01,brute_force,T1110,true
ALT-000619,S_ATTACK_01,brute_force,T1110,true
ALT-000620,S_ATTACK_01,brute_force,T1110,true
ALT-000621,S_ATTACK_01,brute_force,T1110,true
ALT-000622,S_ATTACK_01,brute_force,T1110,true
ALT-000623,S_ATTACK_01,brute_force,T1110,true
ALT-000624,S_ATTACK_01,brute_force,T1110,true
ALT-000625,S_ATTACK_01,brute_force,T1110,true
ALT-000626,S_ATTACK_01,brute_force,T1110,true
ALT-000627,S_ATTACK_01,brute_force,T1110,true
ALT-000628,S_ATTACK_01,brute_force,T1110,true
ALT-000629,S_ATTACK_01,brute_force,T1110,true
ALT-000630,S_ATTACK_01,brute_force,T1110,true
ALT-000631,S_ATTACK_01,brute_force,T1110,true
ALT-000632,S_ATTACK_01,brute_force,T1110,true
ALT-000633,S_ATTACK_01,brute_force,T1110,true
ALT-000634,S_ATTACK_01,brute_force,T1110,true
ALT-000635,S_ATTACK_01,brute_force,T1110,true
ALT-000636,S_ATTACK_01,brute_force,T1110,true
ALT-000637,S_ATTACK_01,brute_force,T1110,true
ALT-000638,S_ATTACK_01,brute_force,T1110,true
ALT-000639,S_ATTACK_01,brute_force,T1110,true
ALT-000640,S_ATTACK_01,brute_force,T1110,true
ALT-000641,S_ATTACK_01,brute_force,T1110,true
ALT-000642,S_ATTACK_01,brute_force,T1110,true
ALT-000643,S_ATTACK_01,brute_force,T1110,true
ALT-000644,S_ATTACK_01,brute_force,T1110,true
ALT-000645,S_ATTACK_01,brute_force,T1110,true
ALT-000646,S_ATTACK_01,brute_force,T1110,true
ALT-000647,S_ATTACK_01,brute_force,T1110,true
ALT-000648,S_ATTACK_01,brute_force,T1110,true
ALT-000649,S_ATTACK_01,brute_force,T1110,true
ALT-000650,S_ATTACK_01,brute_force,T1110,true
ALT-000651,S_ATTACK_01,brute_force,T1110,true
ALT-000652,S_ATTACK_01,brute_force,T1110,true
ALT-000653,S_ATTACK_01,brute_force,T1110,true
ALT-000654,S_ATTACK_01,brute_force,T1110,true
ALT-000655,S_ATTACK_01,brute_force,T1110,true
ALT-000656,S_ATTACK_01,brute_force,T1110,true
ALT-000657,S_ATTACK_01,brute_force,T1110,true
ALT-000658,S_ATTACK_01,brute_force,T1110,true
ALT-000659,S_ATTACK_01,brute_force,T1110,true
ALT-000660,S_ATTACK_01,brute_force,T1110,true
ALT-000661,S_ATTACK_01,brute_force,T1110,true
ALT-000662,S_ATTACK_01,brute_force,T1110,true
ALT-000663,S_ATTACK_01,brute_force,T1110,true
ALT-000664,S_ATTACK_01,brute_force,T1110,true
ALT-000665,S_ATTACK_01,brute_force,T1110,true
ALT-000666,S_ATTACK_01,brute_force,T1110,true
ALT-000667,S_ATTACK_01,brute_force,T1110,true
ALT-000668,S_ATTACK_01,brute_force,T1110,true
ALT-000669,S_ATTACK_01,brute_force,T1110,true
ALT-000670,S_ATTACK_01,brute_force,T1110,true
ALT-000671,S_ATTACK_01,brute_force,T1110,true
ALT-000672,S_ATTACK_01,brute_force,T1110,true
ALT-000673,S_ATTACK_01,brute_force,T1110,true
ALT-000674,S_BENIGN_01,normal_login,,false
ALT-000675,S_ATTACK_01,brute_force,T1110,true
ALT-000676,S_ATTACK_01,brute_force,T1110,true
ALT-000677,S_ATTACK_01,brute_force,T1110,true
ALT-000678,S_BENIGN_01,normal_login,,false
ALT-000679,S_ATTACK_01,brute_force,T1110,true
ALT-000680,S_ATTACK_01,brute_force,T1110,true
ALT-000681,S_ATTACK_01,brute_force,T1110,true
ALT-000682,S_ATTACK_01,brute_force,T1110,true
ALT-000683,S_ATTACK_01,brute_force,T1110,true
ALT-000684,S_ATTACK_01,brute_force,T1110,true
ALT-000685,S_ATTACK_01,brute_force,T1110,true
ALT-000686,S_ATTACK_01,brute_force,T1110,true
ALT-000687,S_ATTACK_01,brute_force,T1110,true
ALT-000688,S_ATTACK_01,brute_force,T1110,true
ALT-000689,S_ATTACK_01,brute_force,T1110,true
ALT-000690,S_ATTACK_01,brute_force,T1110,true
ALT-000691,S_ATTACK_01,brute_force,T1110,true
ALT-000692,S_ATTACK_01,brute_force,T1110,true
ALT-000693,S_ATTACK_01,brute_force,T1110,true
ALT-000694,S_ATTACK_01,brute_force,T1110,true
ALT-000695,S_ATTACK_01,brute_force,T1110,true
ALT-000696,S_ATTACK_01,brute_force,T1110,true
ALT-000697,S_ATTACK_01,brute_force,T1110,true
ALT-000698,S_ATTACK_01,brute_force,T1110,true
ALT-000699,S_ATTACK_01,brute_force,T1110,true
ALT-000700,S_ATTACK_01,brute_force,T1110,true
ALT-000701,S_ATTACK_01,brute_force,T1110,true
ALT-000702,S_ATTACK_01,brute_force,T1110,true
ALT-000703,S_ATTACK_01,brute_force,T1110,true
ALT-000704,S_ATTACK_01,brute_force,T1110,true
ALT-000705,S_ATTACK_01,brute_force,T1110,true
ALT-000706,S_ATTACK_01,brute_force,T1110,true
ALT-000707,S_ATTACK_01,brute_force,T1110,true
ALT-000708,S_ATTACK_01,brute_force,T1110,true
ALT-000709,S_ATTACK_01,brute_force,T1110,true
ALT-000710,S_ATTACK_01,brute_force,T1110,true
ALT-000711,S_ATTACK_01,brute_force,T1110,true
ALT-000712,S_ATTACK_01,brute_force,T1110,true
ALT-000713,S_ATTACK_01,brute_force,T1110,true
ALT-000714,S_ATTACK_01,brute_force,T1110,true
ALT-000715,S_ATTACK_01,brute_force,T1110,true
ALT-000716,S_ATTACK_01,brute_force,T1110,true
ALT-000717,S_ATTACK_01,brute_force,T1110,true
ALT-000718,S_BENIGN_01,normal_login,,false
ALT-000719,S_ATTACK_01,brute_force,T1110,true
ALT-000720,S_ATTACK_01,brute_force,T1110,true
ALT-000721,S_ATTACK_01,brute_force,T1110,true
ALT-000722,S_BENIGN_01,normal_login,,false
ALT-000723,S_ATTACK_01,brute_force,T1110,true
ALT-000724,S_ATTACK_01,brute_force,T1110,true
ALT-000725,S_BENIGN_04,corporate_nat,,false
ALT-000726,S_ATTACK_01,brute_force,T1110,true
ALT-000727,S_ATTACK_01,brute_force,T1110,true
ALT-000728,S_BENIGN_09,normal_password_failure,,false
ALT-000729,S_ATTACK_01,brute_force,T1110,true
ALT-000730,S_ATTACK_01,brute_force,T1110,true
ALT-000731,S_ATTACK_01,brute_force,T1110,true
ALT-000732,S_ATTACK_01,brute_force,T1110,true
ALT-000733,S_ATTACK_01,brute_force,T1110,true
ALT-000734,S_ATTACK_01,brute_force,T1110,true
ALT-000735,S_ATTACK_01,brute_force,T1110,true
ALT-000736,S_BENIGN_10,noise,,false
ALT-000737,S_ATTACK_01,brute_force,T1110,true
ALT-000738,S_ATTACK_01,brute_force,T1110,true
ALT-000739,S_BENIGN_04,corporate_nat,,false
ALT-000740,S_ATTACK_01,brute_force,T1110,true
ALT-000741,S_ATTACK_01,brute_force,T1110,true
ALT-000742,S_ATTACK_01,brute_force,T1110,true
ALT-000743,S_BENIGN_01,normal_login,,false
ALT-000744,S_ATTACK_01,brute_force,T1110,true
ALT-000745,S_ATTACK_01,brute_force,T1110,true
ALT-000746,S_ATTACK_01,brute_force,T1110,true
ALT-000747,S_ATTACK_01,brute_force,T1110,true
ALT-000748,S_ATTACK_01,brute_force,T1110,true
ALT-000749,S_ATTACK_01,brute_force,T1110,true
ALT-000750,S_ATTACK_01,brute_force,T1110,true
ALT-000751,S_ATTACK_01,brute_force,T1110,true
ALT-000752,S_ATTACK_01,brute_force,T1110,true
ALT-000753,S_ATTACK_01,brute_force,T1110,true
ALT-000754,S_ATTACK_01,brute_force,T1110,true
ALT-000755,S_ATTACK_01,brute_force,T1110,true
ALT-000756,S_ATTACK_01,brute_force,T1110,true
ALT-000757,S_ATTACK_01,brute_force,T1110,true
ALT-000758,S_ATTACK_01,brute_force,T1110,true
ALT-000759,S_ATTACK_01,brute_force,T1110,true
ALT-000760,S_ATTACK_01,brute_force,T1110,true
ALT-000761,S_BENIGN_01,normal_login,,false
ALT-000762,S_ATTACK_01,brute_force,T1110,true
ALT-000763,S_ATTACK_01,brute_force,T1110,true
ALT-000764,S_ATTACK_01,brute_force,T1110,true
ALT-000765,S_ATTACK_01,brute_force,T1110,true
ALT-000766,S_ATTACK_01,brute_force,T1110,true
ALT-000767,S_ATTACK_01,brute_force,T1110,true
ALT-000768,S_BENIGN_04,corporate_nat,,false
ALT-000769,S_ATTACK_01,brute_force,T1110,true
ALT-000770,S_ATTACK_01,brute_force,T1110,true
ALT-000771,S_ATTACK_01,brute_force,T1110,true
ALT-000772,S_BENIGN_04,corporate_nat,,false
ALT-000773,S_ATTACK_01,brute_force,T1110,true
ALT-000774,S_ATTACK_01,brute_force,T1110,true
ALT-000775,S_ATTACK_01,brute_force,T1110,true
ALT-000776,S_ATTACK_01,brute_force,T1110,true
ALT-000777,S_ATTACK_01,brute_force,T1110,true
ALT-000778,S_BENIGN_09,normal_password_failure,,false
ALT-000779,S_ATTACK_01,brute_force,T1110,true
ALT-000780,S_BENIGN_02,vpn_login,,false
ALT-000781,S_ATTACK_01,brute_force,T1110,true
ALT-000782,S_ATTACK_01,brute_force,T1110,true
ALT-000783,S_ATTACK_01,brute_force,T1110,true
ALT-000784,S_ATTACK_01,brute_force,T1110,true
ALT-000785,S_ATTACK_01,brute_force,T1110,true
ALT-000786,S_ATTACK_01,brute_force,T1110,true
ALT-000787,S_ATTACK_01,brute_force,T1110,true
ALT-000788,S_ATTACK_01,brute_force,T1110,true
ALT-000789,S_ATTACK_01,brute_force,T1110,true
ALT-000790,S_ATTACK_01,brute_force,T1110,true
ALT-000791,S_ATTACK_01,brute_force,T1110,true
ALT-000792,S_BENIGN_02,vpn_login,,false
ALT-000793,S_ATTACK_01,brute_force,T1110,true
ALT-000794,S_ATTACK_01,brute_force,T1110,true
ALT-000795,S_ATTACK_01,brute_force,T1110,true
ALT-000796,S_ATTACK_01,brute_force,T1110,true
ALT-000797,S_ATTACK_01,brute_force,T1110,true
ALT-000798,S_ATTACK_01,brute_force,T1110,true
ALT-000799,S_BENIGN_01,normal_login,,false
ALT-000800,S_BENIGN_10,noise,,false
ALT-000801,S_ATTACK_01,brute_force,T1110,true
ALT-000802,S_ATTACK_01,brute_force,T1110,true
ALT-000803,S_ATTACK_01,brute_force,T1110,true
ALT-000804,S_ATTACK_01,brute_force,T1110,true
ALT-000805,S_ATTACK_01,brute_force,T1110,true
ALT-000806,S_ATTACK_01,brute_force,T1110,true
ALT-000807,S_ATTACK_01,brute_force,T1110,true
ALT-000808,S_ATTACK_01,brute_force,T1110,true
ALT-000809,S_ATTACK_01,brute_force,T1110,true
ALT-000810,S_ATTACK_01,brute_force,T1110,true
ALT-000811,S_ATTACK_01,brute_force,T1110,true
ALT-000812,S_BENIGN_01,normal_login,,false
ALT-000813,S_ATTACK_01,brute_force,T1110,true
ALT-000814,S_ATTACK_01,brute_force,T1110,true
ALT-000815,S_ATTACK_01,brute_force,T1110,true
ALT-000816,S_ATTACK_01,brute_force,T1110,true
ALT-000817,S_ATTACK_01,brute_force,T1110,true
ALT-000818,S_ATTACK_01,brute_force,T1110,true
ALT-000819,S_ATTACK_01,brute_force,T1110,true
ALT-000820,S_BENIGN_03,public_wifi,,false
ALT-000821,S_BENIGN_05,service_account,,false
ALT-000822,S_ATTACK_01,brute_force,T1110,true
ALT-000823,S_ATTACK_01,brute_force,T1110,true
ALT-000824,S_ATTACK_01,brute_force,T1110,true
ALT-000825,S_ATTACK_01,brute_force,T1110,true
ALT-000826,S_ATTACK_01,brute_force,T1110,true
ALT-000827,S_ATTACK_01,brute_force,T1110,true
ALT-000828,S_ATTACK_01,brute_force,T1110,true
ALT-000829,S_ATTACK_01,brute_force,T1110,true
ALT-000830,S_ATTACK_01,brute_force,T1110,true
ALT-000831,S_ATTACK_01,brute_force,T1110,true
ALT-000832,S_ATTACK_01,brute_force,T1110,true
ALT-000833,S_ATTACK_01,brute_force,T1110,true
ALT-000834,S_ATTACK_01,brute_force,T1110,true
ALT-000835,S_ATTACK_01,brute_force,T1110,true
ALT-000836,S_ATTACK_01,brute_force,T1110,true
ALT-000837,S_ATTACK_01,brute_force,T1110,true
ALT-000838,S_ATTACK_01,brute_force,T1110,true
ALT-000839,S_ATTACK_01,brute_force,T1110,true
ALT-000840,S_ATTACK_01,brute_force,T1110,true
ALT-000841,S_ATTACK_01,brute_force,T1110,true
ALT-000842,S_ATTACK_01,brute_force,T1110,true
ALT-000843,S_ATTACK_01,brute_force,T1110,true
ALT-000844,S_ATTACK_01,brute_force,T1110,true
ALT-000845,S_ATTACK_01,brute_force,T1110,true
ALT-000846,S_ATTACK_01,brute_force,T1110,true
ALT-000847,S_ATTACK_01,brute_force,T1110,true
ALT-000848,S_ATTACK_01,brute_force,T1110,true
ALT-000849,S_ATTACK_01,brute_force,T1110,true
ALT-000850,S_ATTACK_01,brute_force,T1110,true
ALT-000851,S_ATTACK_01,brute_force,T1110,true
ALT-000852,S_ATTACK_01,brute_force,T1110,true
ALT-000853,S_ATTACK_01,brute_force,T1110,true
ALT-000854,S_ATTACK_01,brute_force,T1110,true
ALT-000855,S_ATTACK_01,brute_force,T1110,true
ALT-000856,S_ATTACK_01,brute_force,T1110,true
ALT-000857,S_ATTACK_01,brute_force,T1110,true
ALT-000858,S_ATTACK_01,brute_force,T1110,true
ALT-000859,S_ATTACK_01,brute_force,T1110,true
ALT-000860,S_ATTACK_01,brute_force,T1110,true
ALT-000861,S_ATTACK_01,brute_force,T1110,true
ALT-000862,S_ATTACK_01,brute_force,T1110,true
ALT-000863,S_ATTACK_01,brute_force,T1110,true
ALT-000864,S_ATTACK_01,brute_force,T1110,true
ALT-000865,S_ATTACK_01,brute_force,T1110,true
ALT-000866,S_ATTACK_01,brute_force,T1110,true
ALT-000867,S_ATTACK_01,brute_force,T1110,true
ALT-000868,S_ATTACK_01,brute_force,T1110,true
ALT-000869,S_ATTACK_01,brute_force,T1110,true
ALT-000870,S_ATTACK_01,brute_force,T1110,true
ALT-000871,S_ATTACK_01,brute_force,T1110,true
ALT-000872,S_ATTACK_01,brute_force,T1110,true
ALT-000873,S_ATTACK_01,brute_force,T1110,true
ALT-000874,S_ATTACK_01,brute_force,T1110,true
ALT-000875,S_ATTACK_01,brute_force,T1110,true
ALT-000876,S_ATTACK_01,brute_force,T1110,true
ALT-000877,S_ATTACK_01,brute_force,T1110,true
ALT-000878,S_ATTACK_01,brute_force,T1110,true
ALT-000879,S_ATTACK_01,brute_force,T1110,true
ALT-000880,S_ATTACK_01,brute_force,T1110,true
ALT-000881,S_ATTACK_01,brute_force,T1110,true
ALT-000882,S_ATTACK_01,brute_force,T1110,true
ALT-000883,S_ATTACK_01,brute_force,T1110,true
ALT-000884,S_ATTACK_01,brute_force,T1110,true
ALT-000885,S_ATTACK_01,brute_force,T1110,true
ALT-000886,S_ATTACK_01,brute_force,T1110,true
ALT-000887,S_ATTACK_01,brute_force,T1110,true
ALT-000888,S_ATTACK_01,brute_force,T1110,true
ALT-000889,S_BENIGN_02,vpn_login,,false
ALT-000890,S_ATTACK_01,brute_force,T1110,true
ALT-000891,S_BENIGN_02,vpn_login,,false
ALT-000892,S_ATTACK_01,brute_force,T1110,true
ALT-000893,S_ATTACK_01,brute_force,T1110,true
ALT-000894,S_ATTACK_01,brute_force,T1110,true
ALT-000895,S_ATTACK_01,brute_force,T1110,true
ALT-000896,S_BENIGN_01,normal_login,,false
ALT-000897,S_ATTACK_01,brute_force,T1110,true
ALT-000898,S_ATTACK_01,brute_force,T1110,true
ALT-000899,S_ATTACK_01,brute_force,T1110,true
ALT-000900,S_ATTACK_01,brute_force,T1110,true
ALT-000901,S_ATTACK_01,brute_force,T1110,true
ALT-000902,S_ATTACK_01,brute_force,T1110,true
ALT-000903,S_ATTACK_01,brute_force,T1110,true
ALT-000904,S_ATTACK_01,brute_force,T1110,true
ALT-000905,S_ATTACK_01,brute_force,T1110,true
ALT-000906,S_BENIGN_01,normal_login,,false
ALT-000907,S_ATTACK_01,brute_force,T1110,true
ALT-000908,S_ATTACK_01,brute_force,T1110,true
ALT-000909,S_ATTACK_01,brute_force,T1110,true
ALT-000910,S_ATTACK_01,brute_force,T1110,true
ALT-000911,S_ATTACK_01,brute_force,T1110,true
ALT-000912,S_ATTACK_01,brute_force,T1110,true
ALT-000913,S_ATTACK_01,brute_force,T1110,true
ALT-000914,S_ATTACK_01,brute_force,T1110,true
ALT-000915,S_ATTACK_01,brute_force,T1110,true
ALT-000916,S_ATTACK_01,brute_force,T1110,true
ALT-000917,S_ATTACK_01,brute_force,T1110,true
ALT-000918,S_ATTACK_01,brute_force,T1110,true
ALT-000919,S_ATTACK_01,brute_force,T1110,true
ALT-000920,S_ATTACK_01,brute_force,T1110,true
ALT-000921,S_ATTACK_01,brute_force,T1110,true
ALT-000922,S_ATTACK_01,brute_force,T1110,true
ALT-000923,S_BENIGN_01,normal_login,,false
ALT-000924,S_ATTACK_01,brute_force,T1110,true
ALT-000925,S_ATTACK_01,brute_force,T1110,true
ALT-000926,S_ATTACK_01,brute_force,T1110,true
ALT-000927,S_ATTACK_01,brute_force,T1110,true
ALT-000928,S_ATTACK_01,brute_force,T1110,true
ALT-000929,S_BENIGN_10,noise,,false
ALT-000930,S_ATTACK_01,brute_force,T1110,true
ALT-000931,S_ATTACK_01,brute_force,T1110,true
ALT-000932,S_ATTACK_01,brute_force,T1110,true
ALT-000933,S_ATTACK_01,brute_force,T1110,true
ALT-000934,S_ATTACK_01,brute_force,T1110,true
ALT-000935,S_ATTACK_01,brute_force,T1110,true
ALT-000936,S_ATTACK_01,brute_force,T1110,true
ALT-000937,S_ATTACK_01,brute_force,T1110,true
ALT-000938,S_ATTACK_01,brute_force,T1110,true
ALT-000939,S_ATTACK_01,brute_force,T1110,true
ALT-000940,S_BENIGN_05,service_account,,false
ALT-000941,S_ATTACK_01,brute_force,T1110,true
ALT-000942,S_ATTACK_01,brute_force,T1110,true
ALT-000943,S_ATTACK_01,brute_force,T1110,true
ALT-000944,S_ATTACK_01,brute_force,T1110,true
ALT-000945,S_ATTACK_01,brute_force,T1110,true
ALT-000946,S_ATTACK_01,brute_force,T1110,true
ALT-000947,S_ATTACK_01,brute_force,T1110,true
ALT-000948,S_BENIGN_01,normal_login,,false
ALT-000949,S_ATTACK_01,brute_force,T1110,true
ALT-000950,S_ATTACK_01,brute_force,T1110,true
ALT-000951,S_ATTACK_01,brute_force,T1110,true
ALT-000952,S_ATTACK_01,brute_force,T1110,true
ALT-000953,S_BENIGN_10,noise,,false
ALT-000954,S_ATTACK_01,brute_force,T1110,true
ALT-000955,S_ATTACK_01,brute_force,T1110,true
ALT-000956,S_ATTACK_01,brute_force,T1110,true
ALT-000957,S_ATTACK_01,brute_force,T1110,true
ALT-000958,S_ATTACK_01,brute_force,T1110,true
ALT-000959,S_ATTACK_01,brute_force,T1110,true
ALT-000960,S_ATTACK_01,brute_force,T1110,true
ALT-000961,S_ATTACK_01,brute_force,T1110,true
ALT-000962,S_ATTACK_01,brute_force,T1110,true
ALT-000963,S_ATTACK_01,brute_force,T1110,true
ALT-000964,S_ATTACK_01,brute_force,T1110,true
ALT-000965,S_ATTACK_01,brute_force,T1110,true
ALT-000966,S_ATTACK_01,brute_force,T1110,true
ALT-000967,S_ATTACK_01,brute_force,T1110,true
ALT-000968,S_BENIGN_04,corporate_nat,,false
ALT-000969,S_ATTACK_01,brute_force,T1110,true
ALT-000970,S_ATTACK_01,brute_force,T1110,true
ALT-000971,S_ATTACK_01,brute_force,T1110,true
ALT-000972,S_ATTACK_01,brute_force,T1110,true
ALT-000973,S_ATTACK_01,brute_force,T1110,true
ALT-000974,S_ATTACK_01,brute_force,T1110,true
ALT-000975,S_ATTACK_01,brute_force,T1110,true
ALT-000976,S_ATTACK_01,brute_force,T1110,true
ALT-000977,S_BENIGN_01,normal_login,,false
ALT-000978,S_ATTACK_01,brute_force,T1110,true
ALT-000979,S_ATTACK_01,brute_force,T1110,true
ALT-000980,S_ATTACK_01,brute_force,T1110,true
ALT-000981,S_ATTACK_01,brute_force,T1110,true
ALT-000982,S_ATTACK_01,brute_force,T1110,true
ALT-000983,S_ATTACK_01,brute_force,T1110,true
ALT-000984,S_ATTACK_01,brute_force,T1110,true
ALT-000985,S_ATTACK_01,brute_force,T1110,true
ALT-000986,S_BENIGN_05,service_account,,false
ALT-000987,S_ATTACK_01,brute_force,T1110,true
ALT-000988,S_ATTACK_01,brute_force,T1110,true
ALT-000989,S_ATTACK_01,brute_force,T1110,true
ALT-000990,S_ATTACK_01,brute_force,T1110,true
ALT-000991,S_ATTACK_01,brute_force,T1110,true
ALT-000992,S_ATTACK_01,brute_force,T1110,true
ALT-000993,S_ATTACK_01,brute_force,T1110,true
ALT-000994,S_ATTACK_01,brute_force,T1110,true
ALT-000995,S_ATTACK_01,brute_force,T1110,true
ALT-000996,S_ATTACK_01,brute_force,T1110,true
ALT-000997,S_ATTACK_01,brute_force,T1110,true
ALT-000998,S_ATTACK_01,brute_force,T1110,true
ALT-000999,S_ATTACK_01,brute_force,T1110,true
ALT-001000,S_BENIGN_02,vpn_login,,false
ALT-001001,S_ATTACK_01,brute_force,T1110,true
ALT-001002,S_ATTACK_01,brute_force,T1110,true
ALT-001003,S_ATTACK_01,brute_force,T1110,true
ALT-001004,S_ATTACK_01,brute_force,T1110,true
ALT-001005,S_BENIGN_10,noise,,false
ALT-001006,S_BENIGN_01,normal_login,,false
ALT-001007,S_BENIGN_01,normal_login,,false
ALT-001008,S_BENIGN_01,normal_login,,false
ALT-001009,S_BENIGN_10,noise,,false
ALT-001010,S_BENIGN_02,vpn_login,,false
ALT-001011,S_BENIGN_03,public_wifi,,false
ALT-001012,S_BENIGN_03,public_wifi,,false
ALT-001013,S_BENIGN_02,vpn_login,,false
ALT-001014,S_BENIGN_10,noise,,false
ALT-001015,S_BENIGN_04,corporate_nat,,false
ALT-001016,S_BENIGN_08,normal_password_reset,,false
ALT-001017,S_BENIGN_01,normal_login,,false
ALT-001018,S_BENIGN_08,normal_password_reset,,false
ALT-001019,S_BENIGN_01,normal_login,,false
ALT-001020,S_BENIGN_01,normal_login,,false
ALT-001021,S_BENIGN_01,normal_login,,false
ALT-001022,S_BENIGN_10,noise,,false
ALT-001023,S_BENIGN_01,normal_login,,false
ALT-001024,S_ATTACK_07,impossible_travel,T1078.004,true
ALT-001025,S_BENIGN_01,normal_login,,false
ALT-001026,S_ATTACK_07,impossible_travel,T1078.004,true
ALT-001027,S_BENIGN_02,vpn_login,,false
ALT-001028,S_BENIGN_04,corporate_nat,,false
ALT-001029,S_BENIGN_01,normal_login,,false
ALT-001030,S_BENIGN_05,service_account,,false
ALT-001031,S_BENIGN_07,monitoring,,false
ALT-001032,S_BENIGN_01,normal_login,,false
ALT-001033,S_BENIGN_01,normal_login,,false
ALT-001034,S_BENIGN_03,public_wifi,,false
ALT-001035,S_BENIGN_10,noise,,false
ALT-001036,S_BENIGN_05,service_account,,false
ALT-001037,S_BENIGN_10,noise,,false
ALT-001038,S_BENIGN_03,public_wifi,,false
ALT-001039,S_BENIGN_01,normal_login,,false
ALT-001040,S_BENIGN_03,public_wifi,,false
ALT-001041,S_BENIGN_10,noise,,false
ALT-001042,S_BENIGN_04,corporate_nat,,false
ALT-001043,S_BENIGN_05,service_account,,false
ALT-001044,S_BENIGN_01,normal_login,,false
ALT-001045,S_BENIGN_04,corporate_nat,,false
ALT-001046,S_BENIGN_01,normal_login,,false
ALT-001047,S_BENIGN_01,normal_login,,false
ALT-001048,S_BENIGN_01,normal_login,,false
ALT-001049,S_BENIGN_04,corporate_nat,,false
ALT-001050,S_BENIGN_03,public_wifi,,false
ALT-001051,S_BENIGN_01,normal_login,,false
ALT-001052,S_BENIGN_01,normal_login,,false
ALT-001053,S_BENIGN_08,normal_password_reset,,false
ALT-001054,S_BENIGN_01,normal_login,,false
ALT-001055,S_BENIGN_01,normal_login,,false
ALT-001056,S_BENIGN_02,vpn_login,,false
ALT-001057,S_BENIGN_01,normal_login,,false
ALT-001058,S_BENIGN_04,corporate_nat,,false
ALT-001059,S_BENIGN_01,normal_login,,false
ALT-001060,S_BENIGN_02,vpn_login,,false
ALT-001061,S_BENIGN_04,corporate_nat,,false
ALT-001062,S_BENIGN_01,normal_login,,false
ALT-001063,S_BENIGN_01,normal_login,,false
ALT-001064,S_BENIGN_10,noise,,false
ALT-001065,S_BENIGN_02,vpn_login,,false
ALT-001066,S_BENIGN_03,public_wifi,,false
ALT-001067,S_BENIGN_03,public_wifi,,false
ALT-001068,S_BENIGN_10,noise,,false
ALT-001069,S_BENIGN_01,normal_login,,false
ALT-001070,S_BENIGN_10,noise,,false
ALT-001071,S_BENIGN_10,noise,,false
ALT-001072,S_BENIGN_01,normal_login,,false
ALT-001073,S_BENIGN_01,normal_login,,false
ALT-001074,S_BENIGN_01,normal_login,,false
ALT-001075,S_BENIGN_01,normal_login,,false
ALT-001076,S_BENIGN_03,public_wifi,,false
ALT-001077,S_BENIGN_01,normal_login,,false
ALT-001078,S_BENIGN_01,normal_login,,false
ALT-001079,S_BENIGN_01,normal_login,,false
ALT-001080,S_BENIGN_02,vpn_login,,false
ALT-001081,S_BENIGN_01,normal_login,,false
ALT-001082,S_BENIGN_03,public_wifi,,false
ALT-001083,S_BENIGN_02,vpn_login,,false
ALT-001084,S_BENIGN_01,normal_login,,false
ALT-001085,S_BENIGN_01,normal_login,,false
ALT-001086,S_BENIGN_04,corporate_nat,,false
ALT-001087,S_BENIGN_01,normal_login,,false
ALT-001088,S_BENIGN_10,noise,,false
ALT-001089,S_BENIGN_10,noise,,false
ALT-001090,S_BENIGN_01,normal_login,,false
ALT-001091,S_BENIGN_01,normal_login,,false
ALT-001092,S_BENIGN_01,normal_login,,false
ALT-001093,S_BENIGN_03,public_wifi,,false
ALT-001094,S_BENIGN_01,normal_login,,false
ALT-001095,S_BENIGN_10,noise,,false
ALT-001096,S_BENIGN_01,normal_login,,false
ALT-001097,S_BENIGN_01,normal_login,,false
ALT-001098,S_BENIGN_04,corporate_nat,,false
ALT-001099,S_BENIGN_04,corporate_nat,,false
ALT-001100,S_BENIGN_07,monitoring,,false
ALT-001101,S_BENIGN_01,normal_login,,false
ALT-001102,S_BENIGN_01,normal_login,,false
ALT-001103,S_BENIGN_01,normal_login,,false
ALT-001104,S_BENIGN_01,normal_login,,false
ALT-001105,S_BENIGN_09,normal_password_failure,,false
ALT-001106,S_BENIGN_09,normal_password_failure,,false
ALT-001107,S_BENIGN_09,normal_password_failure,,false
ALT-001108,S_BENIGN_02,vpn_login,,false
ALT-001109,S_BENIGN_09,normal_password_failure,,false
ALT-001110,S_BENIGN_01,normal_login,,false
ALT-001111,S_BENIGN_04,corporate_nat,,false
ALT-001112,S_BENIGN_03,public_wifi,,false
ALT-001113,S_BENIGN_02,vpn_login,,false
ALT-001114,S_BENIGN_04,corporate_nat,,false
ALT-001115,S_BENIGN_09,normal_password_failure,,false
ALT-001116,S_BENIGN_10,noise,,false
ALT-001117,S_BENIGN_09,normal_password_failure,,false
ALT-001118,S_BENIGN_02,vpn_login,,false
ALT-001119,S_BENIGN_01,normal_login,,false
ALT-001120,S_BENIGN_09,normal_password_failure,,false
ALT-001121,S_BENIGN_02,vpn_login,,false
ALT-001122,S_BENIGN_04,corporate_nat,,false
ALT-001123,S_BENIGN_01,normal_login,,false
ALT-001124,S_BENIGN_03,public_wifi,,false
ALT-001125,S_BENIGN_05,service_account,,false
ALT-001126,S_BENIGN_01,normal_login,,false
ALT-001127,S_BENIGN_01,normal_login,,false
ALT-001128,S_BENIGN_01,normal_login,,false
ALT-001129,S_BENIGN_01,normal_login,,false
ALT-001130,S_BENIGN_04,corporate_nat,,false
ALT-001131,S_BENIGN_07,monitoring,,false
ALT-001132,S_BENIGN_07,monitoring,,false
ALT-001133,S_BENIGN_01,normal_login,,false
ALT-001134,S_BENIGN_10,noise,,false
ALT-001135,S_ATTACK_02,password_spraying,T1110.003,true
ALT-001136,S_ATTACK_02,password_spraying,T1110.003,true
ALT-001137,S_ATTACK_02,password_spraying,T1110.003,true
ALT-001138,S_ATTACK_02,password_spraying,T1110.003,true
ALT-001139,S_ATTACK_02,password_spraying,T1110.003,true
ALT-001140,S_ATTACK_02,password_spraying,T1110.003,true
ALT-001141,S_BENIGN_03,public_wifi,,false
ALT-001142,S_ATTACK_02,password_spraying,T1110.003,true
ALT-001143,S_BENIGN_01,normal_login,,false
ALT-001144,S_ATTACK_02,password_spraying,T1110.003,true
ALT-001145,S_ATTACK_02,password_spraying,T1110.003,true
ALT-001146,S_ATTACK_02,password_spraying,T1110.003,true
ALT-001147,S_ATTACK_02,password_spraying,T1110.003,true
ALT-001148,S_ATTACK_02,password_spraying,T1110.003,true
ALT-001149,S_ATTACK_02,password_spraying,T1110.003,true
ALT-001150,S_ATTACK_02,password_spraying,T1110.003,true
ALT-001151,S_ATTACK_02,password_spraying,T1110.003,true
ALT-001152,S_BENIGN_04,corporate_nat,,false
ALT-001153,S_ATTACK_02,password_spraying,T1110.003,true
ALT-001154,S_ATTACK_02,password_spraying,T1110.003,true
ALT-001155,S_ATTACK_02,password_spraying,T1110.003,true
ALT-001156,S_ATTACK_02,password_spraying,T1110.003,true
ALT-001157,S_ATTACK_02,password_spraying,T1110.003,true
ALT-001158,S_ATTACK_02,password_spraying,T1110.003,true
ALT-001159,S_ATTACK_02,password_spraying,T1110.003,true
ALT-001160,S_ATTACK_02,password_spraying,T1110.003,true
ALT-001161,S_ATTACK_02,password_spraying,T1110.003,true
ALT-001162,S_ATTACK_02,password_spraying,T1110.003,true
ALT-001163,S_BENIGN_01,normal_login,,false
ALT-001164,S_ATTACK_02,password_spraying,T1110.003,true
ALT-001165,S_ATTACK_02,password_spraying,T1110.003,true
ALT-001166,S_ATTACK_02,password_spraying,T1110.003,true
ALT-001167,S_ATTACK_02,password_spraying,T1110.003,true
ALT-001168,S_BENIGN_04,corporate_nat,,false
ALT-001169,S_ATTACK_02,password_spraying,T1110.003,true
ALT-001170,S_ATTACK_02,password_spraying,T1110.003,true
ALT-001171,S_ATTACK_02,password_spraying,T1110.003,true
ALT-001172,S_ATTACK_02,password_spraying,T1110.003,true
ALT-001173,S_ATTACK_02,password_spraying,T1110.003,true
ALT-001174,S_ATTACK_02,password_spraying,T1110.003,true
ALT-001175,S_ATTACK_02,password_spraying,T1110.003,true
ALT-001176,S_ATTACK_02,password_spraying,T1110.003,true
ALT-001177,S_ATTACK_02,password_spraying,T1110.003,true
ALT-001178,S_BENIGN_01,normal_login,,false
ALT-001179,S_BENIGN_02,vpn_login,,false
ALT-001180,S_ATTACK_02,password_spraying,T1110.003,true
ALT-001181,S_ATTACK_02,password_spraying,T1110.003,true
ALT-001182,S_ATTACK_02,password_spraying,T1110.003,true
ALT-001183,S_ATTACK_02,password_spraying,T1110.003,true
ALT-001184,S_ATTACK_02,password_spraying,T1110.003,true
ALT-001185,S_ATTACK_02,password_spraying,T1110.003,true
ALT-001186,S_BENIGN_04,corporate_nat,,false
ALT-001187,S_ATTACK_02,password_spraying,T1110.003,true
ALT-001188,S_ATTACK_02,password_spraying,T1110.003,true
ALT-001189,S_BENIGN_04,corporate_nat,,false
ALT-001190,S_ATTACK_02,password_spraying,T1110.003,true
ALT-001191,S_BENIGN_01,normal_login,,false
ALT-001192,S_ATTACK_02,password_spraying,T1110.003,true
ALT-001193,S_ATTACK_02,password_spraying,T1110.003,true
ALT-001194,S_ATTACK_02,password_spraying,T1110.003,true
ALT-001195,S_ATTACK_02,password_spraying,T1110.003,true
ALT-001196,S_ATTACK_02,password_spraying,T1110.003,true
ALT-001197,S_ATTACK_02,password_spraying,T1110.003,true
ALT-001198,S_ATTACK_02,password_spraying,T1110.003,true
ALT-001199,S_BENIGN_02,vpn_login,,false
ALT-001200,S_ATTACK_02,password_spraying,T1110.003,true
ALT-001201,S_ATTACK_02,password_spraying,T1110.003,true
ALT-001202,S_BENIGN_01,normal_login,,false
ALT-001203,S_ATTACK_02,password_spraying,T1110.003,true
ALT-001204,S_BENIGN_01,normal_login,,false
ALT-001205,S_ATTACK_02,password_spraying,T1110.003,true
ALT-001206,S_BENIGN_03,public_wifi,,false
ALT-001207,S_BENIGN_01,normal_login,,false
ALT-001208,S_ATTACK_02,password_spraying,T1110.003,true
ALT-001209,S_ATTACK_02,password_spraying,T1110.003,true
ALT-001210,S_ATTACK_02,password_spraying,T1110.003,true
ALT-001211,S_ATTACK_02,password_spraying,T1110.003,true
ALT-001212,S_ATTACK_02,password_spraying,T1110.003,true
ALT-001213,S_ATTACK_02,password_spraying,T1110.003,true
ALT-001214,S_BENIGN_01,normal_login,,false
ALT-001215,S_ATTACK_02,password_spraying,T1110.003,true
ALT-001216,S_BENIGN_01,normal_login,,false
ALT-001217,S_ATTACK_02,password_spraying,T1110.003,true
ALT-001218,S_ATTACK_02,password_spraying,T1110.003,true
ALT-001219,S_ATTACK_02,password_spraying,T1110.003,true
ALT-001220,S_BENIGN_01,normal_login,,false
ALT-001221,S_ATTACK_02,password_spraying,T1110.003,true
ALT-001222,S_BENIGN_01,normal_login,,false
ALT-001223,S_BENIGN_03,public_wifi,,false
ALT-001224,S_BENIGN_04,corporate_nat,,false
ALT-001225,S_BENIGN_01,normal_login,,false
ALT-001226,S_BENIGN_01,normal_login,,false
ALT-001227,S_BENIGN_01,normal_login,,false
ALT-001228,S_BENIGN_02,vpn_login,,false
ALT-001229,S_BENIGN_01,normal_login,,false
ALT-001230,S_BENIGN_01,normal_login,,false
ALT-001231,S_BENIGN_02,vpn_login,,false
ALT-001232,S_BENIGN_01,normal_login,,false
ALT-001233,S_BENIGN_04,corporate_nat,,false
ALT-001234,S_BENIGN_01,normal_login,,false
ALT-001235,S_BENIGN_03,public_wifi,,false
ALT-001236,S_BENIGN_02,vpn_login,,false
ALT-001237,S_BENIGN_01,normal_login,,false
ALT-001238,S_BENIGN_03,public_wifi,,false
ALT-001239,S_BENIGN_01,normal_login,,false
ALT-001240,S_BENIGN_01,normal_login,,false
ALT-001241,S_BENIGN_01,normal_login,,false
ALT-001242,S_BENIGN_09,normal_password_failure,,false
ALT-001243,S_BENIGN_01,normal_login,,false
ALT-001244,S_BENIGN_08,normal_password_reset,,false
ALT-001245,S_BENIGN_09,normal_password_failure,,false
ALT-001246,S_BENIGN_01,normal_login,,false
ALT-001247,S_BENIGN_01,normal_login,,false
ALT-001248,S_BENIGN_01,normal_login,,false
ALT-001249,S_BENIGN_10,noise,,false
ALT-001250,S_BENIGN_01,normal_login,,false
ALT-001251,S_BENIGN_01,normal_login,,false
ALT-001252,S_BENIGN_10,noise,,false
ALT-001253,S_BENIGN_01,normal_login,,false
ALT-001254,S_BENIGN_01,normal_login,,false
ALT-001255,S_BENIGN_01,normal_login,,false
ALT-001256,S_BENIGN_01,normal_login,,false
ALT-001257,S_BENIGN_10,noise,,false
ALT-001258,S_BENIGN_01,normal_login,,false
ALT-001259,S_BENIGN_04,corporate_nat,,false
ALT-001260,S_BENIGN_01,normal_login,,false
ALT-001261,S_BENIGN_10,noise,,false
ALT-001262,S_BENIGN_01,normal_login,,false
ALT-001263,S_BENIGN_01,normal_login,,false
ALT-001264,S_BENIGN_02,vpn_login,,false
ALT-001265,S_BENIGN_01,normal_login,,false
ALT-001266,S_BENIGN_02,vpn_login,,false
ALT-001267,S_BENIGN_01,normal_login,,false
ALT-001268,S_BENIGN_01,normal_login,,false
ALT-001269,S_BENIGN_01,normal_login,,false
ALT-001270,S_BENIGN_04,corporate_nat,,false
ALT-001271,S_BENIGN_01,normal_login,,false
ALT-001272,S_BENIGN_01,normal_login,,false
ALT-001273,S_BENIGN_01,normal_login,,false
ALT-001274,S_BENIGN_01,normal_login,,false
ALT-001275,S_BENIGN_01,normal_login,,false
ALT-001276,S_BENIGN_04,corporate_nat,,false
ALT-001277,S_BENIGN_10,noise,,false
ALT-001278,S_BENIGN_10,noise,,false
ALT-001279,S_BENIGN_02,vpn_login,,false
ALT-001280,S_BENIGN_03,public_wifi,,false
ALT-001281,S_BENIGN_02,vpn_login,,false
ALT-001282,S_BENIGN_02,vpn_login,,false
ALT-001283,S_BENIGN_01,normal_login,,false
ALT-001284,S_BENIGN_01,normal_login,,false
ALT-001285,S_BENIGN_07,monitoring,,false
ALT-001286,S_BENIGN_01,normal_login,,false
ALT-001287,S_BENIGN_03,public_wifi,,false
ALT-001288,S_BENIGN_01,normal_login,,false
ALT-001289,S_BENIGN_01,normal_login,,false
ALT-001290,S_BENIGN_04,corporate_nat,,false
ALT-001291,S_BENIGN_01,normal_login,,false
ALT-001292,S_BENIGN_01,normal_login,,false
ALT-001293,S_BENIGN_04,corporate_nat,,false
ALT-001294,S_BENIGN_10,noise,,false
ALT-001295,S_BENIGN_01,normal_login,,false
ALT-001296,S_BENIGN_03,public_wifi,,false
ALT-001297,S_BENIGN_01,normal_login,,false
ALT-001298,S_BENIGN_01,normal_login,,false
ALT-001299,S_BENIGN_04,corporate_nat,,false
ALT-001300,S_BENIGN_10,noise,,false
ALT-001301,S_BENIGN_02,vpn_login,,false
ALT-001302,S_BENIGN_01,normal_login,,false
ALT-001303,S_BENIGN_02,vpn_login,,false
ALT-001304,S_BENIGN_02,vpn_login,,false
ALT-001305,S_BENIGN_01,normal_login,,false
ALT-001306,S_BENIGN_01,normal_login,,false
ALT-001307,S_BENIGN_01,normal_login,,false
ALT-001308,S_BENIGN_02,vpn_login,,false
ALT-001309,S_BENIGN_02,vpn_login,,false
ALT-001310,S_BENIGN_02,vpn_login,,false
ALT-001311,S_BENIGN_04,corporate_nat,,false
ALT-001312,S_BENIGN_01,normal_login,,false
ALT-001313,S_BENIGN_01,normal_login,,false
ALT-001314,S_BENIGN_02,vpn_login,,false
ALT-001315,S_BENIGN_01,normal_login,,false
ALT-001316,S_BENIGN_01,normal_login,,false
ALT-001317,S_BENIGN_03,public_wifi,,false
ALT-001318,S_BENIGN_01,normal_login,,false
ALT-001319,S_BENIGN_10,noise,,false
ALT-001320,S_BENIGN_01,normal_login,,false
ALT-001321,S_BENIGN_01,normal_login,,false
ALT-001322,S_BENIGN_01,normal_login,,false
ALT-001323,S_BENIGN_01,normal_login,,false
ALT-001324,S_BENIGN_05,service_account,,false
ALT-001325,S_BENIGN_01,normal_login,,false
ALT-001326,S_BENIGN_04,corporate_nat,,false
ALT-001327,S_BENIGN_01,normal_login,,false
ALT-001328,S_BENIGN_01,normal_login,,false
ALT-001329,S_BENIGN_02,vpn_login,,false
ALT-001330,S_BENIGN_01,normal_login,,false
ALT-001331,S_BENIGN_01,normal_login,,false
ALT-001332,S_BENIGN_01,normal_login,,false
ALT-001333,S_BENIGN_04,corporate_nat,,false
ALT-001334,S_BENIGN_01,normal_login,,false
ALT-001335,S_BENIGN_05,service_account,,false
ALT-001336,S_BENIGN_01,normal_login,,false
ALT-001337,S_BENIGN_02,vpn_login,,false
ALT-001338,S_BENIGN_03,public_wifi,,false
ALT-001339,S_BENIGN_01,normal_login,,false
ALT-001340,S_BENIGN_01,normal_login,,false
ALT-001341,S_BENIGN_01,normal_login,,false
ALT-001342,S_BENIGN_10,noise,,false
ALT-001343,S_BENIGN_08,normal_password_reset,,false
ALT-001344,S_BENIGN_01,normal_login,,false
ALT-001345,S_BENIGN_01,normal_login,,false
ALT-001346,S_BENIGN_03,public_wifi,,false
ALT-001347,S_BENIGN_01,normal_login,,false
ALT-001348,S_BENIGN_07,monitoring,,false
ALT-001349,S_BENIGN_10,noise,,false
ALT-001350,S_BENIGN_01,normal_login,,false
ALT-001351,S_BENIGN_01,normal_login,,false
ALT-001352,S_BENIGN_01,normal_login,,false
ALT-001353,S_BENIGN_01,normal_login,,false
ALT-001354,S_BENIGN_01,normal_login,,false
ALT-001355,S_BENIGN_01,normal_login,,false
ALT-001356,S_BENIGN_01,normal_login,,false
ALT-001357,S_BENIGN_01,normal_login,,false
ALT-001358,S_BENIGN_04,corporate_nat,,false
ALT-001359,S_BENIGN_01,normal_login,,false
ALT-001360,S_BENIGN_01,normal_login,,false
ALT-001361,S_BENIGN_01,normal_login,,false
ALT-001362,S_BENIGN_01,normal_login,,false
ALT-001363,S_BENIGN_01,normal_login,,false
ALT-001364,S_BENIGN_02,vpn_login,,false
ALT-001365,S_BENIGN_02,vpn_login,,false
ALT-001366,S_BENIGN_01,normal_login,,false
ALT-001367,S_BENIGN_01,normal_login,,false
ALT-001368,S_BENIGN_02,vpn_login,,false
ALT-001369,S_BENIGN_01,normal_login,,false
ALT-001370,S_BENIGN_01,normal_login,,false
ALT-001371,S_BENIGN_01,normal_login,,false
ALT-001372,S_BENIGN_03,public_wifi,,false
ALT-001373,S_BENIGN_01,normal_login,,false
ALT-001374,S_BENIGN_03,public_wifi,,false
ALT-001375,S_BENIGN_01,normal_login,,false
ALT-001376,S_ATTACK_09,mfa_fatigue,T1556,true
ALT-001377,S_ATTACK_09,mfa_fatigue,T1556,true
ALT-001378,S_ATTACK_09,mfa_fatigue,T1556,true
ALT-001379,S_BENIGN_04,corporate_nat,,false
ALT-001380,S_ATTACK_09,mfa_fatigue,T1556,true
ALT-001381,S_BENIGN_01,normal_login,,false
ALT-001382,S_ATTACK_09,mfa_fatigue,T1556,true
ALT-001383,S_BENIGN_09,normal_password_failure,,false
ALT-001384,S_ATTACK_09,mfa_fatigue,T1556,true
ALT-001385,S_BENIGN_09,normal_password_failure,,false
ALT-001386,S_BENIGN_09,normal_password_failure,,false
ALT-001387,S_ATTACK_09,mfa_fatigue,T1556,true
ALT-001388,S_ATTACK_09,mfa_fatigue,T1556,true
ALT-001389,S_ATTACK_09,mfa_fatigue,T1556,true
ALT-001390,S_BENIGN_03,public_wifi,,false
ALT-001391,S_BENIGN_02,vpn_login,,false
ALT-001392,S_BENIGN_01,normal_login,,false
ALT-001393,S_ATTACK_09,mfa_fatigue,T1556,true
ALT-001394,S_ATTACK_09,mfa_fatigue,T1556,true
ALT-001395,S_BENIGN_09,normal_password_failure,,false
ALT-001396,S_ATTACK_09,mfa_fatigue,T1556,true
ALT-001397,S_ATTACK_09,mfa_fatigue,T1556,true
ALT-001398,S_ATTACK_09,mfa_fatigue,T1556,true
ALT-001399,S_BENIGN_10,noise,,false
ALT-001400,S_ATTACK_09,mfa_fatigue,T1556,true
ALT-001401,S_ATTACK_09,mfa_fatigue,T1556,true
ALT-001402,S_BENIGN_01,normal_login,,false
ALT-001403,S_ATTACK_09,mfa_fatigue,T1556,true
ALT-001404,S_ATTACK_09,mfa_fatigue,T1556,true
ALT-001405,S_ATTACK_09,mfa_fatigue,T1556,true
ALT-001406,S_ATTACK_09,mfa_fatigue,T1556,true
ALT-001407,S_ATTACK_09,mfa_fatigue,T1556,true
ALT-001408,S_BENIGN_01,normal_login,,false
ALT-001409,S_BENIGN_01,normal_login,,false
ALT-001410,S_ATTACK_09,mfa_fatigue,T1556,true
ALT-001411,S_BENIGN_01,normal_login,,false
ALT-001412,S_ATTACK_09,mfa_fatigue,T1556,true
ALT-001413,S_BENIGN_08,normal_password_reset,,false
ALT-001414,S_BENIGN_10,noise,,false
ALT-001415,S_ATTACK_09,mfa_fatigue,T1556,true
ALT-001416,S_BENIGN_01,normal_login,,false
ALT-001417,S_BENIGN_01,normal_login,,false
ALT-001418,S_ATTACK_09,mfa_fatigue,T1556,true
ALT-001419,S_BENIGN_03,public_wifi,,false
ALT-001420,S_BENIGN_10,noise,,false
ALT-001421,S_BENIGN_01,normal_login,,false
ALT-001422,S_ATTACK_09,mfa_fatigue,T1556,true
ALT-001423,S_BENIGN_01,normal_login,,false
ALT-001424,S_ATTACK_09,mfa_fatigue,T1556,true
ALT-001425,S_BENIGN_10,noise,,false
ALT-001426,S_ATTACK_09,mfa_fatigue,T1556,true
ALT-001427,S_BENIGN_02,vpn_login,,false
ALT-001428,S_ATTACK_09,mfa_fatigue,T1556,true
ALT-001429,S_ATTACK_09,mfa_fatigue,T1556,true
ALT-001430,S_ATTACK_09,mfa_fatigue,T1556,true
ALT-001431,S_BENIGN_04,corporate_nat,,false
ALT-001432,S_BENIGN_01,normal_login,,false
ALT-001433,S_BENIGN_10,noise,,false
ALT-001434,S_BENIGN_01,normal_login,,false
ALT-001435,S_BENIGN_01,normal_login,,false
ALT-001436,S_BENIGN_03,public_wifi,,false
ALT-001437,S_BENIGN_01,normal_login,,false
ALT-001438,S_ATTACK_09,mfa_fatigue,T1556,true
ALT-001439,S_BENIGN_01,normal_login,,false
ALT-001440,S_BENIGN_01,normal_login,,false
ALT-001441,S_BENIGN_10,noise,,false
ALT-001442,S_BENIGN_01,normal_login,,false
ALT-001443,S_BENIGN_01,normal_login,,false
ALT-001444,S_BENIGN_01,normal_login,,false
ALT-001445,S_BENIGN_01,normal_login,,false
ALT-001446,S_BENIGN_02,vpn_login,,false
ALT-001447,S_BENIGN_10,noise,,false
ALT-001448,S_BENIGN_01,normal_login,,false
ALT-001449,S_BENIGN_01,normal_login,,false
ALT-001450,S_BENIGN_03,public_wifi,,false
ALT-001451,S_BENIGN_01,normal_login,,false
ALT-001452,S_BENIGN_01,normal_login,,false
ALT-001453,S_BENIGN_01,normal_login,,false
ALT-001454,S_BENIGN_01,normal_login,,false
ALT-001455,S_BENIGN_01,normal_login,,false
ALT-001456,S_BENIGN_01,normal_login,,false
ALT-001457,S_BENIGN_10,noise,,false
ALT-001458,S_BENIGN_10,noise,,false
ALT-001459,S_BENIGN_01,normal_login,,false
ALT-001460,S_BENIGN_01,normal_login,,false
ALT-001461,S_BENIGN_01,normal_login,,false
ALT-001462,S_BENIGN_01,normal_login,,false
ALT-001463,S_BENIGN_09,normal_password_failure,,false
ALT-001464,S_BENIGN_09,normal_password_failure,,false
ALT-001465,S_BENIGN_01,normal_login,,false
ALT-001466,S_BENIGN_08,normal_password_reset,,false
ALT-001467,S_BENIGN_01,normal_login,,false
ALT-001468,S_BENIGN_01,normal_login,,false
ALT-001469,S_BENIGN_04,corporate_nat,,false
ALT-001470,S_BENIGN_01,normal_login,,false
ALT-001471,S_BENIGN_09,normal_password_failure,,false
ALT-001472,S_BENIGN_01,normal_login,,false
ALT-001473,S_BENIGN_10,noise,,false
ALT-001474,S_BENIGN_01,normal_login,,false
ALT-001475,S_BENIGN_01,normal_login,,false
ALT-001476,S_BENIGN_01,normal_login,,false
ALT-001477,S_BENIGN_05,service_account,,false
ALT-001478,S_BENIGN_01,normal_login,,false
ALT-001479,S_BENIGN_02,vpn_login,,false
ALT-001480,S_BENIGN_01,normal_login,,false
ALT-001481,S_BENIGN_01,normal_login,,false
ALT-001482,S_BENIGN_01,normal_login,,false
ALT-001483,S_BENIGN_01,normal_login,,false
ALT-001484,S_BENIGN_01,normal_login,,false
ALT-001485,S_BENIGN_03,public_wifi,,false
ALT-001486,S_BENIGN_03,public_wifi,,false
ALT-001487,S_BENIGN_02,vpn_login,,false
ALT-001488,S_BENIGN_01,normal_login,,false
ALT-001489,S_BENIGN_05,service_account,,false
ALT-001490,S_BENIGN_04,corporate_nat,,false
ALT-001491,S_BENIGN_01,normal_login,,false
ALT-001492,S_BENIGN_01,normal_login,,false
ALT-001493,S_BENIGN_01,normal_login,,false
ALT-001494,S_BENIGN_01,normal_login,,false
ALT-001495,S_BENIGN_01,normal_login,,false
ALT-001496,S_BENIGN_01,normal_login,,false
ALT-001497,S_BENIGN_01,normal_login,,false
ALT-001498,S_BENIGN_01,normal_login,,false
ALT-001499,S_BENIGN_01,normal_login,,false
ALT-001500,S_BENIGN_10,noise,,false
ALT-001501,S_BENIGN_01,normal_login,,false
ALT-001502,S_BENIGN_01,normal_login,,false
ALT-001503,S_BENIGN_01,normal_login,,false
ALT-001504,S_BENIGN_01,normal_login,,false
ALT-001505,S_BENIGN_01,normal_login,,false
ALT-001506,S_BENIGN_01,normal_login,,false
ALT-001507,S_BENIGN_01,normal_login,,false
ALT-001508,S_BENIGN_02,vpn_login,,false
ALT-001509,S_BENIGN_10,noise,,false
ALT-001510,S_BENIGN_02,vpn_login,,false
ALT-001511,S_BENIGN_01,normal_login,,false
ALT-001512,S_BENIGN_04,corporate_nat,,false
ALT-001513,S_BENIGN_01,normal_login,,false
ALT-001514,S_BENIGN_01,normal_login,,false
ALT-001515,S_BENIGN_01,normal_login,,false
ALT-001516,S_BENIGN_01,normal_login,,false
ALT-001517,S_BENIGN_08,normal_password_reset,,false
ALT-001518,S_BENIGN_01,normal_login,,false
ALT-001519,S_BENIGN_10,noise,,false
ALT-001520,S_BENIGN_01,normal_login,,false
ALT-001521,S_BENIGN_10,noise,,false
ALT-001522,S_BENIGN_01,normal_login,,false
ALT-001523,S_BENIGN_01,normal_login,,false
ALT-001524,S_BENIGN_01,normal_login,,false
ALT-001525,S_BENIGN_01,normal_login,,false
ALT-001526,S_BENIGN_01,normal_login,,false
ALT-001527,S_BENIGN_01,normal_login,,false
ALT-001528,S_BENIGN_04,corporate_nat,,false
ALT-001529,S_BENIGN_07,monitoring,,false
ALT-001530,S_BENIGN_01,normal_login,,false
ALT-001531,S_BENIGN_03,public_wifi,,false
ALT-001532,S_BENIGN_01,normal_login,,false
ALT-001533,S_BENIGN_01,normal_login,,false
ALT-001534,S_BENIGN_03,public_wifi,,false
ALT-001535,S_BENIGN_01,normal_login,,false
ALT-001536,S_BENIGN_04,corporate_nat,,false
ALT-001537,S_BENIGN_10,noise,,false
ALT-001538,S_BENIGN_01,normal_login,,false
ALT-001539,S_BENIGN_01,normal_login,,false
ALT-001540,S_BENIGN_01,normal_login,,false
ALT-001541,S_BENIGN_03,public_wifi,,false
ALT-001542,S_BENIGN_03,public_wifi,,false
ALT-001543,S_BENIGN_01,normal_login,,false
ALT-001544,S_BENIGN_08,normal_password_reset,,false
ALT-001545,S_BENIGN_03,public_wifi,,false
ALT-001546,S_BENIGN_07,monitoring,,false
ALT-001547,S_BENIGN_05,service_account,,false
ALT-001548,S_BENIGN_01,normal_login,,false
ALT-001549,S_BENIGN_01,normal_login,,false
ALT-001550,S_BENIGN_01,normal_login,,false
ALT-001551,S_BENIGN_01,normal_login,,false
ALT-001552,S_BENIGN_04,corporate_nat,,false
ALT-001553,S_BENIGN_10,noise,,false
ALT-001554,S_BENIGN_01,normal_login,,false
ALT-001555,S_BENIGN_04,corporate_nat,,false
ALT-001556,S_BENIGN_01,normal_login,,false
ALT-001557,S_BENIGN_01,normal_login,,false
ALT-001558,S_BENIGN_03,public_wifi,,false
ALT-001559,S_BENIGN_03,public_wifi,,false
ALT-001560,S_BENIGN_05,service_account,,false
ALT-001561,S_BENIGN_01,normal_login,,false
ALT-001562,S_BENIGN_02,vpn_login,,false
ALT-001563,S_BENIGN_08,normal_password_reset,,false
ALT-001564,S_BENIGN_01,normal_login,,false
ALT-001565,S_BENIGN_04,corporate_nat,,false
ALT-001566,S_BENIGN_01,normal_login,,false
ALT-001567,S_BENIGN_01,normal_login,,false
ALT-001568,S_BENIGN_01,normal_login,,false
ALT-001569,S_BENIGN_02,vpn_login,,false
ALT-001570,S_BENIGN_01,normal_login,,false
ALT-001571,S_BENIGN_01,normal_login,,false
ALT-001572,S_BENIGN_10,noise,,false
ALT-001573,S_BENIGN_01,normal_login,,false
ALT-001574,S_BENIGN_01,normal_login,,false
ALT-001575,S_BENIGN_10,noise,,false
ALT-001576,S_BENIGN_01,normal_login,,false
ALT-001577,S_BENIGN_01,normal_login,,false
ALT-001578,S_BENIGN_01,normal_login,,false
ALT-001579,S_BENIGN_01,normal_login,,false
ALT-001580,S_BENIGN_04,corporate_nat,,false
ALT-001581,S_BENIGN_01,normal_login,,false
ALT-001582,S_BENIGN_02,vpn_login,,false
ALT-001583,S_ATTACK_03,account_compromise,T1078,true
ALT-001584,S_ATTACK_03,account_compromise,T1078,true
ALT-001585,S_BENIGN_04,corporate_nat,,false
ALT-001586,S_ATTACK_03,account_compromise,T1078,true
ALT-001587,S_ATTACK_03,account_compromise,T1078,true
ALT-001588,S_ATTACK_03,account_compromise,T1078,true
ALT-001589,S_ATTACK_03,account_compromise,T1078,true
ALT-001590,S_ATTACK_03,account_compromise,T1078,true
ALT-001591,S_ATTACK_03,account_compromise,T1078,true
ALT-001592,S_BENIGN_01,normal_login,,false
ALT-001593,S_ATTACK_03,account_compromise,T1078,true
ALT-001594,S_ATTACK_03,account_compromise,T1078,true
ALT-001595,S_BENIGN_02,vpn_login,,false
ALT-001596,S_BENIGN_09,normal_password_failure,,false
ALT-001597,S_ATTACK_03,account_compromise,T1078,true
ALT-001598,S_ATTACK_03,account_compromise,T1078,true
ALT-001599,S_ATTACK_03,account_compromise,T1078,true
ALT-001600,S_BENIGN_02,vpn_login,,false
ALT-001601,S_BENIGN_04,corporate_nat,,false
ALT-001602,S_ATTACK_03,account_compromise,T1078,true
ALT-001603,S_ATTACK_03,account_compromise,T1078,true
ALT-001604,S_ATTACK_03,account_compromise,T1078,true
ALT-001605,S_BENIGN_01,normal_login,,false
ALT-001606,S_BENIGN_03,public_wifi,,false
ALT-001607,S_ATTACK_03,account_compromise,T1078,true
ALT-001608,S_BENIGN_01,normal_login,,false
ALT-001609,S_ATTACK_03,account_compromise,T1078,true
ALT-001610,S_ATTACK_03,account_compromise,T1078,true
ALT-001611,S_BENIGN_09,normal_password_failure,,false
ALT-001612,S_ATTACK_03,account_compromise,T1078,true
ALT-001613,S_ATTACK_03,account_compromise,T1078,true
ALT-001614,S_ATTACK_03,account_compromise,T1078,true
ALT-001615,S_BENIGN_01,normal_login,,false
ALT-001616,S_ATTACK_03,account_compromise,T1078,true
ALT-001617,S_ATTACK_03,account_compromise,T1078,true
ALT-001618,S_ATTACK_03,account_compromise,T1078,true
ALT-001619,S_ATTACK_03,account_compromise,T1078,true
ALT-001620,S_ATTACK_03,account_compromise,T1078,true
ALT-001621,S_BENIGN_01,normal_login,,false
ALT-001622,S_ATTACK_03,account_compromise,T1078,true
ALT-001623,S_ATTACK_03,account_compromise,T1078,true
ALT-001624,S_ATTACK_03,account_compromise,T1078,true
ALT-001625,S_ATTACK_03,account_compromise,T1078,true
ALT-001626,S_ATTACK_03,account_compromise,T1078,true
ALT-001627,S_ATTACK_03,account_compromise,T1078,true
ALT-001628,S_ATTACK_03,account_compromise,T1078,true
ALT-001629,S_ATTACK_03,account_compromise,T1078,true
ALT-001630,S_ATTACK_03,account_compromise,T1078,true
ALT-001631,S_BENIGN_01,normal_login,,false
ALT-001632,S_BENIGN_09,normal_password_failure,,false
ALT-001633,S_ATTACK_03,account_compromise,T1078,true
ALT-001634,S_BENIGN_01,normal_login,,false
ALT-001635,S_ATTACK_03,account_compromise,T1078,true
ALT-001636,S_BENIGN_01,normal_login,,false
ALT-001637,S_BENIGN_01,normal_login,,false
ALT-001638,S_BENIGN_04,corporate_nat,,false
ALT-001639,S_ATTACK_03,account_compromise,T1078,true
ALT-001640,S_ATTACK_03,account_compromise,T1078,true
ALT-001641,S_ATTACK_03,account_compromise,T1078,true
ALT-001642,S_ATTACK_03,account_compromise,T1078,true
ALT-001643,S_ATTACK_03,account_compromise,T1078,true
ALT-001644,S_BENIGN_01,normal_login,,false
ALT-001645,S_ATTACK_03,account_compromise,T1078,true
ALT-001646,S_ATTACK_03,account_compromise,T1078,true
ALT-001647,S_ATTACK_03,account_compromise,T1078,true
ALT-001648,S_BENIGN_09,normal_password_failure,,false
ALT-001649,S_ATTACK_03,account_compromise,T1078,true
ALT-001650,S_ATTACK_03,account_compromise,T1078,true
ALT-001651,S_ATTACK_03,account_compromise,T1078,true
ALT-001652,S_BENIGN_01,normal_login,,false
ALT-001653,S_BENIGN_01,normal_login,,false
ALT-001654,S_BENIGN_01,normal_login,,false
ALT-001655,S_BENIGN_01,normal_login,,false
ALT-001656,S_ATTACK_03,account_compromise,T1078,true
ALT-001657,S_BENIGN_01,normal_login,,false
ALT-001658,S_BENIGN_04,corporate_nat,,false
ALT-001659,S_ATTACK_03,account_compromise,T1078,true
ALT-001660,S_BENIGN_03,public_wifi,,false
ALT-001661,S_BENIGN_01,normal_login,,false
ALT-001662,S_BENIGN_07,monitoring,,false
ALT-001663,S_BENIGN_10,noise,,false
ALT-001664,S_BENIGN_01,normal_login,,false
ALT-001665,S_BENIGN_02,vpn_login,,false
ALT-001666,S_BENIGN_01,normal_login,,false
ALT-001667,S_BENIGN_01,normal_login,,false
ALT-001668,S_BENIGN_01,normal_login,,false
ALT-001669,S_BENIGN_01,normal_login,,false
ALT-001670,S_BENIGN_10,noise,,false
ALT-001671,S_ATTACK_03,account_compromise,T1078,true
ALT-001672,S_BENIGN_01,normal_login,,false
ALT-001673,S_BENIGN_01,normal_login,,false
ALT-001674,S_BENIGN_01,normal_login,,false
ALT-001675,S_ATTACK_03,account_compromise,T1078,true
ALT-001676,S_BENIGN_01,normal_login,,false
ALT-001677,S_BENIGN_07,monitoring,,false
ALT-001678,S_BENIGN_03,public_wifi,,false
ALT-001679,S_BENIGN_02,vpn_login,,false
ALT-001680,S_BENIGN_10,noise,,false
ALT-001681,S_BENIGN_01,normal_login,,false
ALT-001682,S_BENIGN_01,normal_login,,false
ALT-001683,S_BENIGN_01,normal_login,,false
ALT-001684,S_BENIGN_04,corporate_nat,,false
ALT-001685,S_BENIGN_01,normal_login,,false
ALT-001686,S_BENIGN_01,normal_login,,false
ALT-001687,S_BENIGN_02,vpn_login,,false
ALT-001688,S_BENIGN_01,normal_login,,false
ALT-001689,S_BENIGN_01,normal_login,,false
ALT-001690,S_BENIGN_01,normal_login,,false
ALT-001691,S_BENIGN_02,vpn_login,,false
ALT-001692,S_BENIGN_01,normal_login,,false
ALT-001693,S_BENIGN_01,normal_login,,false
ALT-001694,S_BENIGN_10,noise,,false
ALT-001695,S_BENIGN_03,public_wifi,,false
ALT-001696,S_BENIGN_03,public_wifi,,false
ALT-001697,S_BENIGN_01,normal_login,,false
ALT-001698,S_BENIGN_01,normal_login,,false
ALT-001699,S_BENIGN_01,normal_login,,false
ALT-001700,S_BENIGN_01,normal_login,,false
ALT-001701,S_BENIGN_01,normal_login,,false
ALT-001702,S_BENIGN_04,corporate_nat,,false
ALT-001703,S_BENIGN_01,normal_login,,false
ALT-001704,S_BENIGN_01,normal_login,,false
ALT-001705,S_BENIGN_01,normal_login,,false
ALT-001706,S_BENIGN_01,normal_login,,false
ALT-001707,S_BENIGN_01,normal_login,,false
ALT-001708,S_BENIGN_01,normal_login,,false
ALT-001709,S_BENIGN_04,corporate_nat,,false
ALT-001710,S_BENIGN_10,noise,,false
ALT-001711,S_BENIGN_03,public_wifi,,false
ALT-001712,S_BENIGN_01,normal_login,,false
ALT-001713,S_BENIGN_03,public_wifi,,false
ALT-001714,S_BENIGN_01,normal_login,,false
ALT-001715,S_BENIGN_01,normal_login,,false
ALT-001716,S_BENIGN_01,normal_login,,false
ALT-001717,S_BENIGN_07,monitoring,,false
ALT-001718,S_BENIGN_04,corporate_nat,,false
ALT-001719,S_BENIGN_05,service_account,,false
ALT-001720,S_BENIGN_10,noise,,false
ALT-001721,S_BENIGN_04,corporate_nat,,false
ALT-001722,S_BENIGN_07,monitoring,,false
ALT-001723,S_BENIGN_04,corporate_nat,,false
ALT-001724,S_BENIGN_09,normal_password_failure,,false
ALT-001725,S_BENIGN_01,normal_login,,false
ALT-001726,S_BENIGN_02,vpn_login,,false
ALT-001727,S_BENIGN_09,normal_password_failure,,false
ALT-001728,S_BENIGN_04,corporate_nat,,false
ALT-001729,S_BENIGN_10,noise,,false
ALT-001730,S_BENIGN_10,noise,,false
ALT-001731,S_BENIGN_09,normal_password_failure,,false
ALT-001732,S_ATTACK_10,internal_recon,T1046,true
ALT-001733,S_ATTACK_10,internal_recon,T1046,true
ALT-001734,S_ATTACK_10,internal_recon,T1046,true
ALT-001735,S_ATTACK_10,internal_recon,T1046,true
ALT-001736,S_ATTACK_10,internal_recon,T1046,true
ALT-001737,S_BENIGN_05,service_account,,false
ALT-001738,S_ATTACK_10,internal_recon,T1046,true
ALT-001739,S_ATTACK_10,internal_recon,T1046,true
ALT-001740,S_BENIGN_01,normal_login,,false
ALT-001741,S_ATTACK_10,internal_recon,T1046,true
ALT-001742,S_ATTACK_10,internal_recon,T1046,true
ALT-001743,S_ATTACK_10,internal_recon,T1046,true
ALT-001744,S_ATTACK_10,internal_recon,T1046,true
ALT-001745,S_ATTACK_10,internal_recon,T1046,true
ALT-001746,S_ATTACK_10,internal_recon,T1046,true
ALT-001747,S_ATTACK_10,internal_recon,T1046,true
ALT-001748,S_BENIGN_01,normal_login,,false
ALT-001749,S_ATTACK_10,internal_recon,T1046,true
ALT-001750,S_ATTACK_10,internal_recon,T1046,true
ALT-001751,S_ATTACK_10,internal_recon,T1046,true
ALT-001752,S_ATTACK_10,internal_recon,T1046,true
ALT-001753,S_ATTACK_10,internal_recon,T1046,true
ALT-001754,S_ATTACK_10,internal_recon,T1046,true
ALT-001755,S_ATTACK_10,internal_recon,T1046,true
ALT-001756,S_ATTACK_10,internal_recon,T1046,true
ALT-001757,S_ATTACK_10,internal_recon,T1046,true
ALT-001758,S_ATTACK_10,internal_recon,T1046,true
ALT-001759,S_ATTACK_10,internal_recon,T1046,true
ALT-001760,S_BENIGN_02,vpn_login,,false
ALT-001761,S_ATTACK_10,internal_recon,T1046,true
ALT-001762,S_ATTACK_10,internal_recon,T1046,true
ALT-001763,S_ATTACK_10,internal_recon,T1046,true
ALT-001764,S_ATTACK_10,internal_recon,T1046,true
ALT-001765,S_ATTACK_10,internal_recon,T1046,true
ALT-001766,S_ATTACK_10,internal_recon,T1046,true
ALT-001767,S_BENIGN_03,public_wifi,,false
ALT-001768,S_ATTACK_10,internal_recon,T1046,true
ALT-001769,S_ATTACK_10,internal_recon,T1046,true
ALT-001770,S_ATTACK_10,internal_recon,T1046,true
ALT-001771,S_BENIGN_01,normal_login,,false
ALT-001772,S_ATTACK_10,internal_recon,T1046,true
ALT-001773,S_ATTACK_10,internal_recon,T1046,true
ALT-001774,S_ATTACK_10,internal_recon,T1046,true
ALT-001775,S_ATTACK_10,internal_recon,T1046,true
ALT-001776,S_ATTACK_10,internal_recon,T1046,true
ALT-001777,S_BENIGN_03,public_wifi,,false
ALT-001778,S_BENIGN_01,normal_login,,false
ALT-001779,S_BENIGN_01,normal_login,,false
ALT-001780,S_BENIGN_01,normal_login,,false
ALT-001781,S_BENIGN_04,corporate_nat,,false
ALT-001782,S_BENIGN_01,normal_login,,false
ALT-001783,S_BENIGN_03,public_wifi,,false
ALT-001784,S_BENIGN_01,normal_login,,false
ALT-001785,S_BENIGN_01,normal_login,,false
ALT-001786,S_BENIGN_10,noise,,false
ALT-001787,S_BENIGN_08,normal_password_reset,,false
ALT-001788,S_BENIGN_01,normal_login,,false
ALT-001789,S_BENIGN_01,normal_login,,false
ALT-001790,S_BENIGN_01,normal_login,,false
ALT-001791,S_BENIGN_02,vpn_login,,false
ALT-001792,S_BENIGN_04,corporate_nat,,false
ALT-001793,S_BENIGN_08,normal_password_reset,,false
ALT-001794,S_BENIGN_01,normal_login,,false
ALT-001795,S_BENIGN_02,vpn_login,,false
ALT-001796,S_BENIGN_01,normal_login,,false
ALT-001797,S_BENIGN_01,normal_login,,false
ALT-001798,S_BENIGN_01,normal_login,,false
ALT-001799,S_BENIGN_04,corporate_nat,,false
ALT-001800,S_BENIGN_04,corporate_nat,,false
ALT-001801,S_BENIGN_02,vpn_login,,false
ALT-001802,S_BENIGN_01,normal_login,,false
ALT-001803,S_BENIGN_01,normal_login,,false
ALT-001804,S_BENIGN_10,noise,,false
ALT-001805,S_BENIGN_02,vpn_login,,false
ALT-001806,S_BENIGN_01,normal_login,,false
ALT-001807,S_BENIGN_01,normal_login,,false
ALT-001808,S_BENIGN_04,corporate_nat,,false
ALT-001809,S_BENIGN_02,vpn_login,,false
ALT-001810,S_BENIGN_10,noise,,false
ALT-001811,S_BENIGN_01,normal_login,,false
ALT-001812,S_BENIGN_01,normal_login,,false
ALT-001813,S_BENIGN_01,normal_login,,false
ALT-001814,S_BENIGN_10,noise,,false
ALT-001815,S_BENIGN_01,normal_login,,false
ALT-001816,S_BENIGN_01,normal_login,,false
ALT-001817,S_BENIGN_08,normal_password_reset,,false
ALT-001818,S_BENIGN_01,normal_login,,false
ALT-001819,S_BENIGN_01,normal_login,,false
ALT-001820,S_BENIGN_05,service_account,,false
ALT-001821,S_BENIGN_04,corporate_nat,,false
ALT-001822,S_BENIGN_03,public_wifi,,false
ALT-001823,S_BENIGN_10,noise,,false
ALT-001824,S_BENIGN_01,normal_login,,false
ALT-001825,S_BENIGN_10,noise,,false
ALT-001826,S_BENIGN_03,public_wifi,,false
ALT-001827,S_BENIGN_01,normal_login,,false
ALT-001828,S_BENIGN_10,noise,,false
ALT-001829,S_BENIGN_04,corporate_nat,,false
ALT-001830,S_BENIGN_10,noise,,false
ALT-001831,S_BENIGN_01,normal_login,,false
ALT-001832,S_BENIGN_01,normal_login,,false
ALT-001833,S_BENIGN_03,public_wifi,,false
ALT-001834,S_BENIGN_02,vpn_login,,false
ALT-001835,S_BENIGN_01,normal_login,,false
ALT-001836,S_BENIGN_01,normal_login,,false
ALT-001837,S_BENIGN_01,normal_login,,false
ALT-001838,S_BENIGN_01,normal_login,,false
ALT-001839,S_BENIGN_10,noise,,false
ALT-001840,S_BENIGN_01,normal_login,,false
ALT-001841,S_BENIGN_03,public_wifi,,false
ALT-001842,S_BENIGN_02,vpn_login,,false
ALT-001843,S_BENIGN_04,corporate_nat,,false
ALT-001844,S_BENIGN_01,normal_login,,false
ALT-001845,S_BENIGN_05,service_account,,false
ALT-001846,S_BENIGN_05,service_account,,false
ALT-001847,S_BENIGN_01,normal_login,,false
ALT-001848,S_BENIGN_01,normal_login,,false
ALT-001849,S_ATTACK_04,port_scanning,T1046,true
ALT-001850,S_ATTACK_04,port_scanning,T1046,true
ALT-001851,S_ATTACK_04,port_scanning,T1046,true
ALT-001852,S_ATTACK_04,port_scanning,T1046,true
ALT-001853,S_ATTACK_04,port_scanning,T1046,true
ALT-001854,S_ATTACK_04,port_scanning,T1046,true
ALT-001855,S_ATTACK_04,port_scanning,T1046,true
ALT-001856,S_ATTACK_04,port_scanning,T1046,true
ALT-001857,S_ATTACK_04,port_scanning,T1046,true
ALT-001858,S_ATTACK_04,port_scanning,T1046,true
ALT-001859,S_ATTACK_04,port_scanning,T1046,true
ALT-001860,S_BENIGN_05,service_account,,false
ALT-001861,S_ATTACK_04,port_scanning,T1046,true
ALT-001862,S_ATTACK_04,port_scanning,T1046,true
ALT-001863,S_ATTACK_04,port_scanning,T1046,true
ALT-001864,S_ATTACK_04,port_scanning,T1046,true
ALT-001865,S_ATTACK_04,port_scanning,T1046,true
ALT-001866,S_ATTACK_04,port_scanning,T1046,true
ALT-001867,S_ATTACK_04,port_scanning,T1046,true
ALT-001868,S_ATTACK_04,port_scanning,T1046,true
ALT-001869,S_ATTACK_04,port_scanning,T1046,true
ALT-001870,S_ATTACK_04,port_scanning,T1046,true
ALT-001871,S_ATTACK_04,port_scanning,T1046,true
ALT-001872,S_ATTACK_04,port_scanning,T1046,true
ALT-001873,S_ATTACK_04,port_scanning,T1046,true
ALT-001874,S_ATTACK_04,port_scanning,T1046,true
ALT-001875,S_ATTACK_04,port_scanning,T1046,true
ALT-001876,S_ATTACK_04,port_scanning,T1046,true
ALT-001877,S_ATTACK_04,port_scanning,T1046,true
ALT-001878,S_ATTACK_04,port_scanning,T1046,true
ALT-001879,S_ATTACK_04,port_scanning,T1046,true
ALT-001880,S_ATTACK_04,port_scanning,T1046,true
ALT-001881,S_ATTACK_04,port_scanning,T1046,true
ALT-001882,S_ATTACK_04,port_scanning,T1046,true
ALT-001883,S_ATTACK_04,port_scanning,T1046,true
ALT-001884,S_ATTACK_04,port_scanning,T1046,true
ALT-001885,S_ATTACK_04,port_scanning,T1046,true
ALT-001886,S_ATTACK_04,port_scanning,T1046,true
ALT-001887,S_ATTACK_04,port_scanning,T1046,true
ALT-001888,S_ATTACK_04,port_scanning,T1046,true
ALT-001889,S_ATTACK_04,port_scanning,T1046,true
ALT-001890,S_ATTACK_04,port_scanning,T1046,true
ALT-001891,S_ATTACK_04,port_scanning,T1046,true
ALT-001892,S_ATTACK_04,port_scanning,T1046,true
ALT-001893,S_ATTACK_04,port_scanning,T1046,true
ALT-001894,S_ATTACK_04,port_scanning,T1046,true
ALT-001895,S_ATTACK_04,port_scanning,T1046,true
ALT-001896,S_ATTACK_04,port_scanning,T1046,true
ALT-001897,S_ATTACK_04,port_scanning,T1046,true
ALT-001898,S_ATTACK_04,port_scanning,T1046,true
ALT-001899,S_ATTACK_04,port_scanning,T1046,true
ALT-001900,S_ATTACK_04,port_scanning,T1046,true
ALT-001901,S_ATTACK_04,port_scanning,T1046,true
ALT-001902,S_ATTACK_04,port_scanning,T1046,true
ALT-001903,S_ATTACK_04,port_scanning,T1046,true
ALT-001904,S_ATTACK_04,port_scanning,T1046,true
ALT-001905,S_ATTACK_04,port_scanning,T1046,true
ALT-001906,S_ATTACK_04,port_scanning,T1046,true
ALT-001907,S_ATTACK_04,port_scanning,T1046,true
ALT-001908,S_ATTACK_04,port_scanning,T1046,true
ALT-001909,S_ATTACK_04,port_scanning,T1046,true
ALT-001910,S_ATTACK_04,port_scanning,T1046,true
ALT-001911,S_ATTACK_04,port_scanning,T1046,true
ALT-001912,S_ATTACK_04,port_scanning,T1046,true
ALT-001913,S_ATTACK_04,port_scanning,T1046,true
ALT-001914,S_ATTACK_04,port_scanning,T1046,true
ALT-001915,S_ATTACK_04,port_scanning,T1046,true
ALT-001916,S_ATTACK_04,port_scanning,T1046,true
ALT-001917,S_ATTACK_04,port_scanning,T1046,true
ALT-001918,S_ATTACK_04,port_scanning,T1046,true
ALT-001919,S_ATTACK_04,port_scanning,T1046,true
ALT-001920,S_ATTACK_04,port_scanning,T1046,true
ALT-001921,S_ATTACK_04,port_scanning,T1046,true
ALT-001922,S_ATTACK_04,port_scanning,T1046,true
ALT-001923,S_ATTACK_04,port_scanning,T1046,true
ALT-001924,S_ATTACK_04,port_scanning,T1046,true
ALT-001925,S_ATTACK_04,port_scanning,T1046,true
ALT-001926,S_ATTACK_04,port_scanning,T1046,true
ALT-001927,S_ATTACK_04,port_scanning,T1046,true
ALT-001928,S_ATTACK_04,port_scanning,T1046,true
ALT-001929,S_ATTACK_04,port_scanning,T1046,true
ALT-001930,S_ATTACK_04,port_scanning,T1046,true
ALT-001931,S_ATTACK_04,port_scanning,T1046,true
ALT-001932,S_ATTACK_04,port_scanning,T1046,true
ALT-001933,S_ATTACK_04,port_scanning,T1046,true
ALT-001934,S_ATTACK_04,port_scanning,T1046,true
ALT-001935,S_ATTACK_04,port_scanning,T1046,true
ALT-001936,S_ATTACK_04,port_scanning,T1046,true
ALT-001937,S_ATTACK_04,port_scanning,T1046,true
ALT-001938,S_ATTACK_04,port_scanning,T1046,true
ALT-001939,S_ATTACK_04,port_scanning,T1046,true
ALT-001940,S_BENIGN_01,normal_login,,false
ALT-001941,S_ATTACK_04,port_scanning,T1046,true
ALT-001942,S_ATTACK_04,port_scanning,T1046,true
ALT-001943,S_ATTACK_04,port_scanning,T1046,true
ALT-001944,S_ATTACK_04,port_scanning,T1046,true
ALT-001945,S_BENIGN_03,public_wifi,,false
ALT-001946,S_ATTACK_04,port_scanning,T1046,true
ALT-001947,S_ATTACK_04,port_scanning,T1046,true
ALT-001948,S_ATTACK_04,port_scanning,T1046,true
ALT-001949,S_ATTACK_04,port_scanning,T1046,true
ALT-001950,S_ATTACK_04,port_scanning,T1046,true
ALT-001951,S_ATTACK_04,port_scanning,T1046,true
ALT-001952,S_ATTACK_04,port_scanning,T1046,true
ALT-001953,S_ATTACK_04,port_scanning,T1046,true
ALT-001954,S_ATTACK_04,port_scanning,T1046,true
ALT-001955,S_ATTACK_04,port_scanning,T1046,true
ALT-001956,S_ATTACK_04,port_scanning,T1046,true
ALT-001957,S_ATTACK_04,port_scanning,T1046,true
ALT-001958,S_ATTACK_04,port_scanning,T1046,true
ALT-001959,S_ATTACK_04,port_scanning,T1046,true
ALT-001960,S_ATTACK_04,port_scanning,T1046,true
ALT-001961,S_ATTACK_04,port_scanning,T1046,true
ALT-001962,S_ATTACK_04,port_scanning,T1046,true
ALT-001963,S_ATTACK_04,port_scanning,T1046,true
ALT-001964,S_ATTACK_04,port_scanning,T1046,true
ALT-001965,S_ATTACK_04,port_scanning,T1046,true
ALT-001966,S_ATTACK_04,port_scanning,T1046,true
ALT-001967,S_ATTACK_04,port_scanning,T1046,true
ALT-001968,S_ATTACK_04,port_scanning,T1046,true
ALT-001969,S_ATTACK_04,port_scanning,T1046,true
ALT-001970,S_ATTACK_04,port_scanning,T1046,true
ALT-001971,S_ATTACK_04,port_scanning,T1046,true
ALT-001972,S_ATTACK_04,port_scanning,T1046,true
ALT-001973,S_ATTACK_04,port_scanning,T1046,true
ALT-001974,S_ATTACK_04,port_scanning,T1046,true
ALT-001975,S_ATTACK_04,port_scanning,T1046,true
ALT-001976,S_ATTACK_04,port_scanning,T1046,true
ALT-001977,S_ATTACK_04,port_scanning,T1046,true
ALT-001978,S_ATTACK_04,port_scanning,T1046,true
ALT-001979,S_BENIGN_01,normal_login,,false
ALT-001980,S_BENIGN_05,service_account,,false
ALT-001981,S_ATTACK_04,port_scanning,T1046,true
ALT-001982,S_ATTACK_04,port_scanning,T1046,true
ALT-001983,S_ATTACK_04,port_scanning,T1046,true
ALT-001984,S_ATTACK_04,port_scanning,T1046,true
ALT-001985,S_ATTACK_04,port_scanning,T1046,true
ALT-001986,S_ATTACK_04,port_scanning,T1046,true
ALT-001987,S_ATTACK_04,port_scanning,T1046,true
ALT-001988,S_ATTACK_04,port_scanning,T1046,true
ALT-001989,S_ATTACK_04,port_scanning,T1046,true
ALT-001990,S_ATTACK_04,port_scanning,T1046,true
ALT-001991,S_ATTACK_04,port_scanning,T1046,true
ALT-001992,S_ATTACK_04,port_scanning,T1046,true
ALT-001993,S_ATTACK_04,port_scanning,T1046,true
ALT-001994,S_ATTACK_04,port_scanning,T1046,true
ALT-001995,S_ATTACK_04,port_scanning,T1046,true
ALT-001996,S_ATTACK_04,port_scanning,T1046,true
ALT-001997,S_ATTACK_04,port_scanning,T1046,true
ALT-001998,S_ATTACK_04,port_scanning,T1046,true
ALT-001999,S_ATTACK_04,port_scanning,T1046,true
ALT-002000,S_ATTACK_04,port_scanning,T1046,true
ALT-002001,S_ATTACK_04,port_scanning,T1046,true
ALT-002002,S_ATTACK_04,port_scanning,T1046,true
ALT-002003,S_ATTACK_04,port_scanning,T1046,true
ALT-002004,S_ATTACK_04,port_scanning,T1046,true
ALT-002005,S_ATTACK_04,port_scanning,T1046,true
ALT-002006,S_ATTACK_04,port_scanning,T1046,true
ALT-002007,S_ATTACK_04,port_scanning,T1046,true
ALT-002008,S_ATTACK_04,port_scanning,T1046,true
ALT-002009,S_ATTACK_04,port_scanning,T1046,true
ALT-002010,S_ATTACK_04,port_scanning,T1046,true
ALT-002011,S_ATTACK_04,port_scanning,T1046,true
ALT-002012,S_ATTACK_04,port_scanning,T1046,true
ALT-002013,S_ATTACK_04,port_scanning,T1046,true
ALT-002014,S_ATTACK_04,port_scanning,T1046,true
ALT-002015,S_ATTACK_04,port_scanning,T1046,true
ALT-002016,S_ATTACK_04,port_scanning,T1046,true
ALT-002017,S_ATTACK_04,port_scanning,T1046,true
ALT-002018,S_ATTACK_04,port_scanning,T1046,true
ALT-002019,S_ATTACK_04,port_scanning,T1046,true
ALT-002020,S_ATTACK_04,port_scanning,T1046,true
ALT-002021,S_ATTACK_04,port_scanning,T1046,true
ALT-002022,S_ATTACK_04,port_scanning,T1046,true
ALT-002023,S_ATTACK_04,port_scanning,T1046,true
ALT-002024,S_ATTACK_04,port_scanning,T1046,true
ALT-002025,S_ATTACK_04,port_scanning,T1046,true
ALT-002026,S_ATTACK_04,port_scanning,T1046,true
ALT-002027,S_ATTACK_04,port_scanning,T1046,true
ALT-002028,S_ATTACK_04,port_scanning,T1046,true
ALT-002029,S_ATTACK_04,port_scanning,T1046,true
ALT-002030,S_BENIGN_01,normal_login,,false
ALT-002031,S_ATTACK_04,port_scanning,T1046,true
ALT-002032,S_ATTACK_04,port_scanning,T1046,true
ALT-002033,S_ATTACK_04,port_scanning,T1046,true
ALT-002034,S_ATTACK_04,port_scanning,T1046,true
ALT-002035,S_ATTACK_04,port_scanning,T1046,true
ALT-002036,S_BENIGN_01,normal_login,,false
ALT-002037,S_ATTACK_04,port_scanning,T1046,true
ALT-002038,S_ATTACK_04,port_scanning,T1046,true
ALT-002039,S_ATTACK_04,port_scanning,T1046,true
ALT-002040,S_ATTACK_04,port_scanning,T1046,true
ALT-002041,S_ATTACK_04,port_scanning,T1046,true
ALT-002042,S_ATTACK_04,port_scanning,T1046,true
ALT-002043,S_ATTACK_04,port_scanning,T1046,true
ALT-002044,S_ATTACK_04,port_scanning,T1046,true
ALT-002045,S_ATTACK_04,port_scanning,T1046,true
ALT-002046,S_ATTACK_04,port_scanning,T1046,true
ALT-002047,S_ATTACK_04,port_scanning,T1046,true
ALT-002048,S_ATTACK_04,port_scanning,T1046,true
ALT-002049,S_ATTACK_04,port_scanning,T1046,true
ALT-002050,S_ATTACK_04,port_scanning,T1046,true
ALT-002051,S_ATTACK_04,port_scanning,T1046,true
ALT-002052,S_ATTACK_04,port_scanning,T1046,true
ALT-002053,S_ATTACK_04,port_scanning,T1046,true
ALT-002054,S_ATTACK_04,port_scanning,T1046,true
ALT-002055,S_ATTACK_04,port_scanning,T1046,true
ALT-002056,S_ATTACK_04,port_scanning,T1046,true
ALT-002057,S_ATTACK_04,port_scanning,T1046,true
ALT-002058,S_ATTACK_04,port_scanning,T1046,true
ALT-002059,S_ATTACK_04,port_scanning,T1046,true
ALT-002060,S_ATTACK_04,port_scanning,T1046,true
ALT-002061,S_ATTACK_04,port_scanning,T1046,true
ALT-002062,S_ATTACK_04,port_scanning,T1046,true
ALT-002063,S_ATTACK_04,port_scanning,T1046,true
ALT-002064,S_ATTACK_04,port_scanning,T1046,true
ALT-002065,S_ATTACK_04,port_scanning,T1046,true
ALT-002066,S_ATTACK_04,port_scanning,T1046,true
ALT-002067,S_ATTACK_04,port_scanning,T1046,true
ALT-002068,S_ATTACK_04,port_scanning,T1046,true
ALT-002069,S_ATTACK_04,port_scanning,T1046,true
ALT-002070,S_ATTACK_04,port_scanning,T1046,true
ALT-002071,S_BENIGN_02,vpn_login,,false
ALT-002072,S_ATTACK_04,port_scanning,T1046,true
ALT-002073,S_BENIGN_01,normal_login,,false
ALT-002074,S_BENIGN_01,normal_login,,false
ALT-002075,S_BENIGN_10,noise,,false
ALT-002076,S_BENIGN_03,public_wifi,,false
ALT-002077,S_BENIGN_10,noise,,false
ALT-002078,S_BENIGN_01,normal_login,,false
ALT-002079,S_BENIGN_01,normal_login,,false
ALT-002080,S_BENIGN_01,normal_login,,false
ALT-002081,S_BENIGN_04,corporate_nat,,false
ALT-002082,S_BENIGN_01,normal_login,,false
ALT-002083,S_BENIGN_01,normal_login,,false
ALT-002084,S_BENIGN_01,normal_login,,false
ALT-002085,S_BENIGN_04,corporate_nat,,false
ALT-002086,S_BENIGN_10,noise,,false
ALT-002087,S_BENIGN_03,public_wifi,,false
ALT-002088,S_BENIGN_01,normal_login,,false
ALT-002089,S_BENIGN_03,public_wifi,,false
ALT-002090,S_BENIGN_01,normal_login,,false
ALT-002091,S_BENIGN_01,normal_login,,false
ALT-002092,S_BENIGN_01,normal_login,,false
ALT-002093,S_BENIGN_01,normal_login,,false
ALT-002094,S_BENIGN_01,normal_login,,false
ALT-002095,S_BENIGN_01,normal_login,,false
ALT-002096,S_BENIGN_01,normal_login,,false
ALT-002097,S_BENIGN_01,normal_login,,false
ALT-002098,S_BENIGN_04,corporate_nat,,false
ALT-002099,S_BENIGN_02,vpn_login,,false
ALT-002100,S_BENIGN_01,normal_login,,false
ALT-002101,S_BENIGN_01,normal_login,,false
ALT-002102,S_BENIGN_03,public_wifi,,false
ALT-002103,S_BENIGN_10,noise,,false
ALT-002104,S_BENIGN_02,vpn_login,,false
ALT-002105,S_BENIGN_01,normal_login,,false
ALT-002106,S_BENIGN_02,vpn_login,,false
ALT-002107,S_BENIGN_01,normal_login,,false
ALT-002108,S_BENIGN_07,monitoring,,false
ALT-002109,S_BENIGN_01,normal_login,,false
ALT-002110,S_BENIGN_01,normal_login,,false
ALT-002111,S_BENIGN_03,public_wifi,,false
ALT-002112,S_BENIGN_01,normal_login,,false
ALT-002113,S_BENIGN_01,normal_login,,false
ALT-002114,S_BENIGN_03,public_wifi,,false
ALT-002115,S_BENIGN_01,normal_login,,false
ALT-002116,S_BENIGN_10,noise,,false
ALT-002117,S_BENIGN_01,normal_login,,false
ALT-002118,S_BENIGN_01,normal_login,,false
ALT-002119,S_BENIGN_01,normal_login,,false
ALT-002120,S_BENIGN_01,normal_login,,false
ALT-002121,S_BENIGN_01,normal_login,,false
ALT-002122,S_BENIGN_03,public_wifi,,false
ALT-002123,S_BENIGN_01,normal_login,,false
ALT-002124,S_BENIGN_04,corporate_nat,,false
ALT-002125,S_BENIGN_01,normal_login,,false
ALT-002126,S_BENIGN_04,corporate_nat,,false
ALT-002127,S_BENIGN_07,monitoring,,false
ALT-002128,S_BENIGN_01,normal_login,,false
ALT-002129,S_BENIGN_04,corporate_nat,,false
ALT-002130,S_BENIGN_01,normal_login,,false
ALT-002131,S_BENIGN_07,monitoring,,false
ALT-002132,S_BENIGN_01,normal_login,,false
ALT-002133,S_BENIGN_01,normal_login,,false
ALT-002134,S_BENIGN_01,normal_login,,false
ALT-002135,S_BENIGN_01,normal_login,,false
ALT-002136,S_BENIGN_04,corporate_nat,,false
ALT-002137,S_BENIGN_05,service_account,,false
ALT-002138,S_BENIGN_02,vpn_login,,false
ALT-002139,S_BENIGN_01,normal_login,,false
ALT-002140,S_BENIGN_04,corporate_nat,,false
ALT-002141,S_BENIGN_01,normal_login,,false
ALT-002142,S_BENIGN_01,normal_login,,false
ALT-002143,S_ATTACK_11,lateral_movement,T1078,true
ALT-002144,S_ATTACK_11,lateral_movement,T1078,true
ALT-002145,S_BENIGN_01,normal_login,,false
ALT-002146,S_ATTACK_11,lateral_movement,T1078,true
ALT-002147,S_ATTACK_11,lateral_movement,T1078,true
ALT-002148,S_ATTACK_11,lateral_movement,T1078,true
ALT-002149,S_BENIGN_02,vpn_login,,false
ALT-002150,S_ATTACK_11,lateral_movement,T1078,true
ALT-002151,S_BENIGN_01,normal_login,,false
ALT-002152,S_BENIGN_02,vpn_login,,false
ALT-002153,S_ATTACK_11,lateral_movement,T1078,true
ALT-002154,S_ATTACK_11,lateral_movement,T1078,true
ALT-002155,S_ATTACK_11,lateral_movement,T1078,true
ALT-002156,S_ATTACK_11,lateral_movement,T1078,true
ALT-002157,S_ATTACK_11,lateral_movement,T1078,true
ALT-002158,S_BENIGN_10,noise,,false
ALT-002159,S_ATTACK_11,lateral_movement,T1078,true
ALT-002160,S_ATTACK_11,lateral_movement,T1078,true
ALT-002161,S_BENIGN_01,normal_login,,false
ALT-002162,S_ATTACK_11,lateral_movement,T1078,true
ALT-002163,S_BENIGN_04,corporate_nat,,false
ALT-002164,S_ATTACK_11,lateral_movement,T1078,true
ALT-002165,S_ATTACK_11,lateral_movement,T1078,true
ALT-002166,S_BENIGN_03,public_wifi,,false
ALT-002167,S_ATTACK_11,lateral_movement,T1078,true
ALT-002168,S_ATTACK_11,lateral_movement,T1078,true
ALT-002169,S_ATTACK_11,lateral_movement,T1078,true
ALT-002170,S_ATTACK_11,lateral_movement,T1078,true
ALT-002171,S_ATTACK_11,lateral_movement,T1078,true
ALT-002172,S_BENIGN_04,corporate_nat,,false
ALT-002173,S_ATTACK_11,lateral_movement,T1078,true
ALT-002174,S_BENIGN_04,corporate_nat,,false
ALT-002175,S_BENIGN_02,vpn_login,,false
ALT-002176,S_ATTACK_11,lateral_movement,T1078,true
ALT-002177,S_ATTACK_11,lateral_movement,T1078,true
ALT-002178,S_ATTACK_11,lateral_movement,T1078,true
ALT-002179,S_ATTACK_11,lateral_movement,T1078,true
ALT-002180,S_BENIGN_01,normal_login,,false
ALT-002181,S_BENIGN_01,normal_login,,false
ALT-002182,S_ATTACK_11,lateral_movement,T1078,true
ALT-002183,S_ATTACK_11,lateral_movement,T1078,true
ALT-002184,S_ATTACK_11,lateral_movement,T1078,true
ALT-002185,S_ATTACK_11,lateral_movement,T1078,true
ALT-002186,S_ATTACK_11,lateral_movement,T1078,true
ALT-002187,S_ATTACK_11,lateral_movement,T1078,true
ALT-002188,S_ATTACK_11,lateral_movement,T1078,true
ALT-002189,S_ATTACK_11,lateral_movement,T1078,true
ALT-002190,S_BENIGN_01,normal_login,,false
ALT-002191,S_ATTACK_11,lateral_movement,T1078,true
ALT-002192,S_BENIGN_01,normal_login,,false
ALT-002193,S_ATTACK_11,lateral_movement,T1078,true
ALT-002194,S_ATTACK_11,lateral_movement,T1078,true
ALT-002195,S_BENIGN_01,normal_login,,false
ALT-002196,S_ATTACK_11,lateral_movement,T1078,true
ALT-002197,S_ATTACK_11,lateral_movement,T1078,true
ALT-002198,S_BENIGN_01,normal_login,,false
ALT-002199,S_ATTACK_11,lateral_movement,T1078,true
ALT-002200,S_BENIGN_03,public_wifi,,false
ALT-002201,S_BENIGN_01,normal_login,,false
ALT-002202,S_BENIGN_01,normal_login,,false
ALT-002203,S_BENIGN_01,normal_login,,false
ALT-002204,S_BENIGN_10,noise,,false
ALT-002205,S_BENIGN_08,normal_password_reset,,false
ALT-002206,S_BENIGN_10,noise,,false
ALT-002207,S_BENIGN_01,normal_login,,false
ALT-002208,S_BENIGN_01,normal_login,,false
ALT-002209,S_BENIGN_10,noise,,false
ALT-002210,S_BENIGN_02,vpn_login,,false
ALT-002211,S_BENIGN_01,normal_login,,false
ALT-002212,S_BENIGN_01,normal_login,,false
ALT-002213,S_BENIGN_01,normal_login,,false
ALT-002214,S_BENIGN_01,normal_login,,false
ALT-002215,S_BENIGN_01,normal_login,,false
ALT-002216,S_BENIGN_02,vpn_login,,false
ALT-002217,S_BENIGN_01,normal_login,,false
ALT-002218,S_BENIGN_01,normal_login,,false
ALT-002219,S_BENIGN_01,normal_login,,false
ALT-002220,S_BENIGN_03,public_wifi,,false
ALT-002221,S_BENIGN_02,vpn_login,,false
ALT-002222,S_BENIGN_03,public_wifi,,false
ALT-002223,S_BENIGN_10,noise,,false
ALT-002224,S_BENIGN_01,normal_login,,false
ALT-002225,S_BENIGN_08,normal_password_reset,,false
ALT-002226,S_BENIGN_04,corporate_nat,,false
ALT-002227,S_BENIGN_01,normal_login,,false
ALT-002228,S_BENIGN_07,monitoring,,false
ALT-002229,S_BENIGN_03,public_wifi,,false
ALT-002230,S_BENIGN_04,corporate_nat,,false
ALT-002231,S_BENIGN_01,normal_login,,false
ALT-002232,S_BENIGN_01,normal_login,,false
ALT-002233,S_BENIGN_01,normal_login,,false
ALT-002234,S_BENIGN_02,vpn_login,,false
ALT-002235,S_BENIGN_01,normal_login,,false
ALT-002236,S_BENIGN_04,corporate_nat,,false
ALT-002237,S_BENIGN_01,normal_login,,false
ALT-002238,S_BENIGN_04,corporate_nat,,false
ALT-002239,S_BENIGN_04,corporate_nat,,false
ALT-002240,S_BENIGN_01,normal_login,,false
ALT-002241,S_BENIGN_01,normal_login,,false
ALT-002242,S_BENIGN_10,noise,,false
ALT-002243,S_BENIGN_01,normal_login,,false
ALT-002244,S_BENIGN_01,normal_login,,false
ALT-002245,S_BENIGN_01,normal_login,,false
ALT-002246,S_BENIGN_01,normal_login,,false
ALT-002247,S_BENIGN_03,public_wifi,,false
ALT-002248,S_BENIGN_01,normal_login,,false
ALT-002249,S_BENIGN_01,normal_login,,false
ALT-002250,S_BENIGN_01,normal_login,,false
ALT-002251,S_BENIGN_01,normal_login,,false
ALT-002252,S_BENIGN_01,normal_login,,false
ALT-002253,S_BENIGN_01,normal_login,,false
ALT-002254,S_BENIGN_01,normal_login,,false
ALT-002255,S_BENIGN_02,vpn_login,,false
ALT-002256,S_BENIGN_01,normal_login,,false
ALT-002257,S_BENIGN_07,monitoring,,false
ALT-002258,S_BENIGN_01,normal_login,,false
ALT-002259,S_BENIGN_01,normal_login,,false
ALT-002260,S_BENIGN_01,normal_login,,false
ALT-002261,S_BENIGN_04,corporate_nat,,false
ALT-002262,S_BENIGN_03,public_wifi,,false
ALT-002263,S_BENIGN_10,noise,,false
ALT-002264,S_BENIGN_01,normal_login,,false
ALT-002265,S_BENIGN_01,normal_login,,false
ALT-002266,S_BENIGN_04,corporate_nat,,false
ALT-002267,S_BENIGN_01,normal_login,,false
ALT-002268,S_BENIGN_01,normal_login,,false
ALT-002269,S_BENIGN_01,normal_login,,false
ALT-002270,S_BENIGN_02,vpn_login,,false
ALT-002271,S_BENIGN_09,normal_password_failure,,false
ALT-002272,S_BENIGN_01,normal_login,,false
ALT-002273,S_BENIGN_01,normal_login,,false
ALT-002274,S_BENIGN_09,normal_password_failure,,false
ALT-002275,S_BENIGN_09,normal_password_failure,,false
ALT-002276,S_BENIGN_05,service_account,,false
ALT-002277,S_BENIGN_01,normal_login,,false
ALT-002278,S_BENIGN_05,service_account,,false
ALT-002279,S_BENIGN_10,noise,,false
ALT-002280,S_BENIGN_01,normal_login,,false
ALT-002281,S_BENIGN_01,normal_login,,false
ALT-002282,S_BENIGN_10,noise,,false
ALT-002283,S_BENIGN_01,normal_login,,false
ALT-002284,S_BENIGN_09,normal_password_failure,,false
ALT-002285,S_BENIGN_10,noise,,false
ALT-002286,S_BENIGN_01,normal_login,,false
ALT-002287,S_BENIGN_03,public_wifi,,false
ALT-002288,S_ATTACK_05,malware,T1204,true
ALT-002289,S_BENIGN_01,normal_login,,false
ALT-002290,S_BENIGN_01,normal_login,,false
ALT-002291,S_BENIGN_10,noise,,false
ALT-002292,S_BENIGN_01,normal_login,,false
ALT-002293,S_BENIGN_02,vpn_login,,false
ALT-002294,S_BENIGN_05,service_account,,false
ALT-002295,S_BENIGN_02,vpn_login,,false
ALT-002296,S_ATTACK_05,malware,T1204,true
ALT-002297,S_BENIGN_01,normal_login,,false
ALT-002298,S_BENIGN_01,normal_login,,false
ALT-002299,S_BENIGN_01,normal_login,,false
ALT-002300,S_BENIGN_03,public_wifi,,false
ALT-002301,S_BENIGN_04,corporate_nat,,false
ALT-002302,S_BENIGN_03,public_wifi,,false
ALT-002303,S_ATTACK_05,malware,T1071,true
ALT-002304,S_ATTACK_05,malware,T1071,true
ALT-002305,S_BENIGN_01,normal_login,,false
ALT-002306,S_ATTACK_05,malware,T1071,true
ALT-002307,S_ATTACK_05,malware,T1071,true
ALT-002308,S_BENIGN_02,vpn_login,,false
ALT-002309,S_BENIGN_03,public_wifi,,false
ALT-002310,S_ATTACK_05,malware,T1071,true
ALT-002311,S_BENIGN_01,normal_login,,false
ALT-002312,S_ATTACK_05,malware,T1071,true
ALT-002313,S_BENIGN_02,vpn_login,,false
ALT-002314,S_BENIGN_04,corporate_nat,,false
ALT-002315,S_BENIGN_04,corporate_nat,,false
ALT-002316,S_ATTACK_05,malware,T1071,true
ALT-002317,S_BENIGN_02,vpn_login,,false
ALT-002318,S_BENIGN_01,normal_login,,false
ALT-002319,S_ATTACK_05,malware,T1071,true
ALT-002320,S_ATTACK_05,malware,T1071,true
ALT-002321,S_BENIGN_01,normal_login,,false
ALT-002322,S_BENIGN_04,corporate_nat,,false
ALT-002323,S_ATTACK_05,malware,T1071,true
ALT-002324,S_BENIGN_01,normal_login,,false
ALT-002325,S_ATTACK_05,malware,T1071,true
ALT-002326,S_BENIGN_05,service_account,,false
ALT-002327,S_ATTACK_05,malware,T1071,true
ALT-002328,S_BENIGN_03,public_wifi,,false
ALT-002329,S_BENIGN_03,public_wifi,,false
ALT-002330,S_BENIGN_02,vpn_login,,false
ALT-002331,S_ATTACK_05,malware,T1071,true
ALT-002332,S_BENIGN_08,normal_password_reset,,false
ALT-002333,S_BENIGN_04,corporate_nat,,false
ALT-002334,S_BENIGN_01,normal_login,,false
ALT-002335,S_BENIGN_03,public_wifi,,false
ALT-002336,S_BENIGN_01,normal_login,,false
ALT-002337,S_ATTACK_05,malware,T1071,true
ALT-002338,S_BENIGN_10,noise,,false
ALT-002339,S_BENIGN_02,vpn_login,,false
ALT-002340,S_BENIGN_09,normal_password_failure,,false
ALT-002341,S_BENIGN_04,corporate_nat,,false
ALT-002342,S_BENIGN_09,normal_password_failure,,false
ALT-002343,S_BENIGN_02,vpn_login,,false
ALT-002344,S_BENIGN_03,public_wifi,,false
ALT-002345,S_BENIGN_03,public_wifi,,false
ALT-002346,S_BENIGN_01,normal_login,,false
ALT-002347,S_BENIGN_09,normal_password_failure,,false
ALT-002348,S_BENIGN_01,normal_login,,false
ALT-002349,S_BENIGN_04,corporate_nat,,false
ALT-002350,S_BENIGN_01,normal_login,,false
ALT-002351,S_BENIGN_01,normal_login,,false
ALT-002352,S_BENIGN_01,normal_login,,false
ALT-002353,S_BENIGN_03,public_wifi,,false
ALT-002354,S_BENIGN_04,corporate_nat,,false
ALT-002355,S_BENIGN_01,normal_login,,false
ALT-002356,S_BENIGN_01,normal_login,,false
ALT-002357,S_BENIGN_03,public_wifi,,false
ALT-002358,S_BENIGN_05,service_account,,false
ALT-002359,S_BENIGN_08,normal_password_reset,,false
ALT-002360,S_BENIGN_01,normal_login,,false
ALT-002361,S_BENIGN_01,normal_login,,false
ALT-002362,S_BENIGN_01,normal_login,,false
ALT-002363,S_BENIGN_01,normal_login,,false
ALT-002364,S_BENIGN_01,normal_login,,false
ALT-002365,S_BENIGN_02,vpn_login,,false
ALT-002366,S_BENIGN_01,normal_login,,false
ALT-002367,S_BENIGN_03,public_wifi,,false
ALT-002368,S_BENIGN_01,normal_login,,false
ALT-002369,S_BENIGN_10,noise,,false
ALT-002370,S_BENIGN_01,normal_login,,false
ALT-002371,S_BENIGN_01,normal_login,,false
ALT-002372,S_BENIGN_01,normal_login,,false
ALT-002373,S_BENIGN_01,normal_login,,false
ALT-002374,S_BENIGN_01,normal_login,,false
ALT-002375,S_BENIGN_04,corporate_nat,,false
ALT-002376,S_BENIGN_01,normal_login,,false
ALT-002377,S_BENIGN_01,normal_login,,false
ALT-002378,S_BENIGN_02,vpn_login,,false
ALT-002379,S_BENIGN_04,corporate_nat,,false
ALT-002380,S_BENIGN_04,corporate_nat,,false
ALT-002381,S_BENIGN_01,normal_login,,false
ALT-002382,S_BENIGN_01,normal_login,,false
ALT-002383,S_BENIGN_01,normal_login,,false
ALT-002384,S_BENIGN_01,normal_login,,false
ALT-002385,S_BENIGN_03,public_wifi,,false
ALT-002386,S_BENIGN_10,noise,,false
ALT-002387,S_BENIGN_02,vpn_login,,false
ALT-002388,S_BENIGN_08,normal_password_reset,,false
ALT-002389,S_BENIGN_04,corporate_nat,,false
ALT-002390,S_BENIGN_03,public_wifi,,false
ALT-002391,S_BENIGN_01,normal_login,,false
ALT-002392,S_BENIGN_10,noise,,false
ALT-002393,S_BENIGN_10,noise,,false
ALT-002394,S_BENIGN_02,vpn_login,,false
ALT-002395,S_BENIGN_01,normal_login,,false
ALT-002396,S_BENIGN_01,normal_login,,false
ALT-002397,S_BENIGN_01,normal_login,,false
ALT-002398,S_BENIGN_01,normal_login,,false
ALT-002399,S_BENIGN_05,service_account,,false
ALT-002400,S_BENIGN_01,normal_login,,false
ALT-002401,S_BENIGN_01,normal_login,,false
ALT-002402,S_BENIGN_04,corporate_nat,,false
ALT-002403,S_BENIGN_08,normal_password_reset,,false
ALT-002404,S_BENIGN_10,noise,,false
ALT-002405,S_BENIGN_01,normal_login,,false
ALT-002406,S_BENIGN_01,normal_login,,false
ALT-002407,S_BENIGN_10,noise,,false
ALT-002408,S_BENIGN_10,noise,,false
ALT-002409,S_BENIGN_01,normal_login,,false
ALT-002410,S_BENIGN_05,service_account,,false
ALT-002411,S_BENIGN_01,normal_login,,false
ALT-002412,S_BENIGN_01,normal_login,,false
ALT-002413,S_BENIGN_01,normal_login,,false
ALT-002414,S_BENIGN_10,noise,,false
ALT-002415,S_BENIGN_01,normal_login,,false
ALT-002416,S_BENIGN_03,public_wifi,,false
ALT-002417,S_BENIGN_10,noise,,false
ALT-002418,S_BENIGN_03,public_wifi,,false
ALT-002419,S_BENIGN_01,normal_login,,false
ALT-002420,S_BENIGN_01,normal_login,,false
ALT-002421,S_BENIGN_01,normal_login,,false
ALT-002422,S_BENIGN_10,noise,,false
ALT-002423,S_BENIGN_03,public_wifi,,false
ALT-002424,S_BENIGN_03,public_wifi,,false
ALT-002425,S_BENIGN_08,normal_password_reset,,false
ALT-002426,S_BENIGN_10,noise,,false
ALT-002427,S_BENIGN_01,normal_login,,false
ALT-002428,S_BENIGN_08,normal_password_reset,,false
ALT-002429,S_BENIGN_01,normal_login,,false
ALT-002430,S_BENIGN_01,normal_login,,false
ALT-002431,S_BENIGN_03,public_wifi,,false
ALT-002432,S_BENIGN_10,noise,,false
ALT-002433,S_BENIGN_07,monitoring,,false
ALT-002434,S_BENIGN_01,normal_login,,false
ALT-002435,S_BENIGN_01,normal_login,,false
ALT-002436,S_BENIGN_02,vpn_login,,false
ALT-002437,S_BENIGN_08,normal_password_reset,,false
ALT-002438,S_BENIGN_03,public_wifi,,false
ALT-002439,S_BENIGN_05,service_account,,false
ALT-002440,S_BENIGN_09,normal_password_failure,,false
ALT-002441,S_BENIGN_09,normal_password_failure,,false
ALT-002442,S_BENIGN_10,noise,,false
ALT-002443,S_BENIGN_09,normal_password_failure,,false
ALT-002444,S_BENIGN_01,normal_login,,false
ALT-002445,S_BENIGN_02,vpn_login,,false
ALT-002446,S_BENIGN_01,normal_login,,false
ALT-002447,S_BENIGN_01,normal_login,,false
ALT-002448,S_BENIGN_09,normal_password_failure,,false
ALT-002449,S_BENIGN_05,service_account,,false
ALT-002450,S_BENIGN_01,normal_login,,false
ALT-002451,S_BENIGN_01,normal_login,,false
ALT-002452,S_BENIGN_08,normal_password_reset,,false
ALT-002453,S_BENIGN_04,corporate_nat,,false
ALT-002454,S_BENIGN_01,normal_login,,false
ALT-002455,S_BENIGN_01,normal_login,,false
ALT-002456,S_BENIGN_01,normal_login,,false
ALT-002457,S_BENIGN_02,vpn_login,,false
ALT-002458,S_BENIGN_01,normal_login,,false
ALT-002459,S_BENIGN_01,normal_login,,false
ALT-002460,S_BENIGN_04,corporate_nat,,false
ALT-002461,S_BENIGN_07,monitoring,,false
ALT-002462,S_BENIGN_04,corporate_nat,,false
ALT-002463,S_BENIGN_01,normal_login,,false
ALT-002464,S_ATTACK_06,data_exfiltration,T1041,true
ALT-002465,S_BENIGN_10,noise,,false
ALT-002466,S_ATTACK_06,data_exfiltration,T1041,true
ALT-002467,S_BENIGN_01,normal_login,,false
ALT-002468,S_BENIGN_01,normal_login,,false
ALT-002469,S_BENIGN_04,corporate_nat,,false
ALT-002470,S_BENIGN_01,normal_login,,false
ALT-002471,S_ATTACK_06,data_exfiltration,T1041,true
ALT-002472,S_BENIGN_01,normal_login,,false
ALT-002473,S_BENIGN_01,normal_login,,false
ALT-002474,S_BENIGN_05,service_account,,false
ALT-002475,S_ATTACK_06,data_exfiltration,T1041,true
ALT-002476,S_BENIGN_04,corporate_nat,,false
ALT-002477,S_BENIGN_04,corporate_nat,,false
ALT-002478,S_BENIGN_01,normal_login,,false
ALT-002479,S_BENIGN_08,normal_password_reset,,false
ALT-002480,S_BENIGN_01,normal_login,,false
ALT-002481,S_BENIGN_01,normal_login,,false
ALT-002482,S_BENIGN_10,noise,,false
ALT-002483,S_ATTACK_06,data_exfiltration,T1041,true
ALT-002484,S_ATTACK_06,data_exfiltration,T1041,true
ALT-002485,S_BENIGN_10,noise,,false
ALT-002486,S_BENIGN_10,noise,,false
ALT-002487,S_BENIGN_01,normal_login,,false
ALT-002488,S_BENIGN_02,vpn_login,,false
ALT-002489,S_BENIGN_10,noise,,false
ALT-002490,S_BENIGN_10,noise,,false
ALT-002491,S_ATTACK_06,data_exfiltration,T1041,true
ALT-002492,S_BENIGN_01,normal_login,,false
ALT-002493,S_BENIGN_01,normal_login,,false
ALT-002494,S_BENIGN_04,corporate_nat,,false
ALT-002495,S_BENIGN_01,normal_login,,false
ALT-002496,S_BENIGN_01,normal_login,,false
ALT-002497,S_BENIGN_01,normal_login,,false
ALT-002498,S_BENIGN_10,noise,,false
ALT-002499,S_BENIGN_01,normal_login,,false
ALT-002500,S_BENIGN_01,normal_login,,false
ALT-002501,S_BENIGN_03,public_wifi,,false
ALT-002502,S_BENIGN_01,normal_login,,false
ALT-002503,S_BENIGN_04,corporate_nat,,false
ALT-002504,S_BENIGN_03,public_wifi,,false
ALT-002505,S_BENIGN_03,public_wifi,,false
ALT-002506,S_BENIGN_01,normal_login,,false
ALT-002507,S_BENIGN_05,service_account,,false
ALT-002508,S_BENIGN_10,noise,,false
ALT-002509,S_BENIGN_10,noise,,false
ALT-002510,S_BENIGN_01,normal_login,,false
ALT-002511,S_BENIGN_03,public_wifi,,false
ALT-002512,S_BENIGN_09,normal_password_failure,,false
ALT-002513,S_BENIGN_05,service_account,,false
ALT-002514,S_BENIGN_01,normal_login,,false
ALT-002515,S_BENIGN_03,public_wifi,,false
ALT-002516,S_BENIGN_09,normal_password_failure,,false
ALT-002517,S_ATTACK_06,data_exfiltration,T1041,true
ALT-002518,S_ATTACK_06,data_exfiltration,T1041,true
ALT-002519,S_BENIGN_01,normal_login,,false
ALT-002520,S_BENIGN_01,normal_login,,false
ALT-002521,S_BENIGN_01,normal_login,,false
ALT-002522,S_BENIGN_05,service_account,,false
ALT-002523,S_BENIGN_10,noise,,false
ALT-002524,S_BENIGN_07,monitoring,,false
ALT-002525,S_ATTACK_06,data_exfiltration,T1041,true
ALT-002526,S_ATTACK_06,data_exfiltration,T1041,true
ALT-002527,S_BENIGN_01,normal_login,,false
ALT-002528,S_BENIGN_01,normal_login,,false
ALT-002529,S_BENIGN_02,vpn_login,,false
ALT-002530,S_BENIGN_01,normal_login,,false
ALT-002531,S_BENIGN_10,noise,,false
ALT-002532,S_BENIGN_01,normal_login,,false
ALT-002533,S_ATTACK_06,data_exfiltration,T1041,true
ALT-002534,S_ATTACK_06,data_exfiltration,T1041,true
ALT-002535,S_ATTACK_06,data_exfiltration,T1041,true
ALT-002536,S_ATTACK_06,data_exfiltration,T1041,true
ALT-002537,S_BENIGN_02,vpn_login,,false
ALT-002538,S_BENIGN_02,vpn_login,,false
ALT-002539,S_BENIGN_04,corporate_nat,,false
ALT-002540,S_BENIGN_02,vpn_login,,false
ALT-002541,S_BENIGN_01,normal_login,,false
ALT-002542,S_BENIGN_03,public_wifi,,false
ALT-002543,S_BENIGN_10,noise,,false
ALT-002544,S_BENIGN_01,normal_login,,false
ALT-002545,S_BENIGN_01,normal_login,,false
ALT-002546,S_BENIGN_07,monitoring,,false
ALT-002547,S_BENIGN_08,normal_password_reset,,false
ALT-002548,S_ATTACK_06,data_exfiltration,T1041,true
ALT-002549,S_ATTACK_06,data_exfiltration,T1041,true
ALT-002550,S_BENIGN_01,normal_login,,false
ALT-002551,S_BENIGN_10,noise,,false
ALT-002552,S_BENIGN_01,normal_login,,false
ALT-002553,S_BENIGN_10,noise,,false
ALT-002554,S_ATTACK_06,data_exfiltration,T1041,true
ALT-002555,S_BENIGN_08,normal_password_reset,,false
ALT-002556,S_BENIGN_01,normal_login,,false
ALT-002557,S_BENIGN_01,normal_login,,false
ALT-002558,S_BENIGN_05,service_account,,false
ALT-002559,S_BENIGN_02,vpn_login,,false
ALT-002560,S_BENIGN_03,public_wifi,,false
ALT-002561,S_ATTACK_06,data_exfiltration,T1041,true
ALT-002562,S_ATTACK_06,data_exfiltration,T1041,true
ALT-002563,S_BENIGN_10,noise,,false
ALT-002564,S_BENIGN_01,normal_login,,false
ALT-002565,S_BENIGN_03,public_wifi,,false
ALT-002566,S_BENIGN_02,vpn_login,,false
ALT-002567,S_BENIGN_08,normal_password_reset,,false
ALT-002568,S_BENIGN_04,corporate_nat,,false
ALT-002569,S_BENIGN_03,public_wifi,,false
ALT-002570,S_BENIGN_02,vpn_login,,false
ALT-002571,S_BENIGN_01,normal_login,,false
ALT-002572,S_BENIGN_01,normal_login,,false
ALT-002573,S_BENIGN_05,service_account,,false
ALT-002574,S_BENIGN_05,service_account,,false
ALT-002575,S_BENIGN_01,normal_login,,false
ALT-002576,S_BENIGN_02,vpn_login,,false
ALT-002577,S_BENIGN_07,monitoring,,false
ALT-002578,S_BENIGN_02,vpn_login,,false
ALT-002579,S_BENIGN_01,normal_login,,false
ALT-002580,S_BENIGN_04,corporate_nat,,false
ALT-002581,S_BENIGN_01,normal_login,,false
ALT-002582,S_BENIGN_05,service_account,,false
ALT-002583,S_BENIGN_01,normal_login,,false
ALT-002584,S_BENIGN_01,normal_login,,false
ALT-002585,S_BENIGN_08,normal_password_reset,,false
ALT-002586,S_BENIGN_01,normal_login,,false
ALT-002587,S_BENIGN_01,normal_login,,false
ALT-002588,S_BENIGN_10,noise,,false
ALT-002589,S_BENIGN_01,normal_login,,false
ALT-002590,S_BENIGN_01,normal_login,,false
ALT-002591,S_BENIGN_04,corporate_nat,,false
ALT-002592,S_BENIGN_02,vpn_login,,false
ALT-002593,S_BENIGN_01,normal_login,,false
ALT-002594,S_BENIGN_10,noise,,false
ALT-002595,S_ATTACK_12,dns_exfiltration,T1071,true
ALT-002596,S_ATTACK_12,dns_exfiltration,T1071,true
ALT-002597,S_ATTACK_12,dns_exfiltration,T1071,true
ALT-002598,S_ATTACK_12,dns_exfiltration,T1071,true
ALT-002599,S_BENIGN_04,corporate_nat,,false
ALT-002600,S_BENIGN_01,normal_login,,false
ALT-002601,S_ATTACK_12,dns_exfiltration,T1071,true
ALT-002602,S_ATTACK_12,dns_exfiltration,T1071,true
ALT-002603,S_BENIGN_01,normal_login,,false
ALT-002604,S_ATTACK_12,dns_exfiltration,T1071,true
ALT-002605,S_ATTACK_12,dns_exfiltration,T1071,true
ALT-002606,S_ATTACK_12,dns_exfiltration,T1071,true
ALT-002607,S_ATTACK_12,dns_exfiltration,T1071,true
ALT-002608,S_ATTACK_12,dns_exfiltration,T1071,true
ALT-002609,S_ATTACK_12,dns_exfiltration,T1071,true
ALT-002610,S_ATTACK_12,dns_exfiltration,T1071,true
ALT-002611,S_BENIGN_10,noise,,false
ALT-002612,S_BENIGN_04,corporate_nat,,false
ALT-002613,S_ATTACK_12,dns_exfiltration,T1071,true
ALT-002614,S_ATTACK_12,dns_exfiltration,T1071,true
ALT-002615,S_ATTACK_12,dns_exfiltration,T1071,true
ALT-002616,S_BENIGN_02,vpn_login,,false
ALT-002617,S_ATTACK_12,dns_exfiltration,T1071,true
ALT-002618,S_ATTACK_12,dns_exfiltration,T1071,true
ALT-002619,S_ATTACK_12,dns_exfiltration,T1071,true
ALT-002620,S_ATTACK_12,dns_exfiltration,T1071,true
ALT-002621,S_BENIGN_01,normal_login,,false
ALT-002622,S_ATTACK_12,dns_exfiltration,T1071,true
ALT-002623,S_ATTACK_12,dns_exfiltration,T1071,true
ALT-002624,S_ATTACK_12,dns_exfiltration,T1071,true
ALT-002625,S_ATTACK_12,dns_exfiltration,T1071,true
ALT-002626,S_BENIGN_01,normal_login,,false
ALT-002627,S_ATTACK_12,dns_exfiltration,T1071,true
ALT-002628,S_ATTACK_12,dns_exfiltration,T1071,true
ALT-002629,S_BENIGN_02,vpn_login,,false
ALT-002630,S_ATTACK_12,dns_exfiltration,T1071,true
ALT-002631,S_ATTACK_12,dns_exfiltration,T1071,true
ALT-002632,S_ATTACK_12,dns_exfiltration,T1071,true
ALT-002633,S_ATTACK_12,dns_exfiltration,T1071,true
ALT-002634,S_BENIGN_02,vpn_login,,false
ALT-002635,S_ATTACK_12,dns_exfiltration,T1071,true
ALT-002636,S_ATTACK_12,dns_exfiltration,T1071,true
ALT-002637,S_BENIGN_01,normal_login,,false
ALT-002638,S_ATTACK_12,dns_exfiltration,T1071,true
ALT-002639,S_ATTACK_12,dns_exfiltration,T1071,true
ALT-002640,S_BENIGN_03,public_wifi,,false
ALT-002641,S_ATTACK_12,dns_exfiltration,T1071,true
ALT-002642,S_ATTACK_12,dns_exfiltration,T1071,true
ALT-002643,S_BENIGN_07,monitoring,,false
ALT-002644,S_BENIGN_10,noise,,false
ALT-002645,S_BENIGN_01,normal_login,,false
ALT-002646,S_BENIGN_09,normal_password_failure,,false
ALT-002647,S_BENIGN_10,noise,,false
ALT-002648,S_BENIGN_01,normal_login,,false
ALT-002649,S_BENIGN_10,noise,,false
ALT-002650,S_BENIGN_09,normal_password_failure,,false
ALT-002651,S_BENIGN_02,vpn_login,,false
ALT-002652,S_BENIGN_10,noise,,false
ALT-002653,S_BENIGN_02,vpn_login,,false
ALT-002654,S_BENIGN_01,normal_login,,false
ALT-002655,S_BENIGN_01,normal_login,,false
ALT-002656,S_BENIGN_03,public_wifi,,false
ALT-002657,S_BENIGN_03,public_wifi,,false
ALT-002658,S_BENIGN_01,normal_login,,false
ALT-002659,S_BENIGN_07,monitoring,,false
ALT-002660,S_BENIGN_03,public_wifi,,false
ALT-002661,S_BENIGN_10,noise,,false
ALT-002662,S_BENIGN_01,normal_login,,false
ALT-002663,S_BENIGN_05,service_account,,false
ALT-002664,S_BENIGN_01,normal_login,,false
ALT-002665,S_BENIGN_01,normal_login,,false
ALT-002666,S_BENIGN_01,normal_login,,false
ALT-002667,S_BENIGN_08,normal_password_reset,,false
ALT-002668,S_BENIGN_04,corporate_nat,,false
ALT-002669,S_BENIGN_02,vpn_login,,false
ALT-002670,S_BENIGN_03,public_wifi,,false
ALT-002671,S_BENIGN_02,vpn_login,,false
ALT-002672,S_BENIGN_09,normal_password_failure,,false
ALT-002673,S_BENIGN_09,normal_password_failure,,false
ALT-002674,S_BENIGN_07,monitoring,,false
ALT-002675,S_BENIGN_02,vpn_login,,false
ALT-002676,S_BENIGN_01,normal_login,,false
ALT-002677,S_BENIGN_04,corporate_nat,,false
ALT-002678,S_BENIGN_01,normal_login,,false
ALT-002679,S_BENIGN_04,corporate_nat,,false
ALT-002680,S_BENIGN_03,public_wifi,,false
ALT-002681,S_BENIGN_02,vpn_login,,false
ALT-002682,S_BENIGN_01,normal_login,,false
ALT-002683,S_BENIGN_05,service_account,,false
ALT-002684,S_BENIGN_10,noise,,false
ALT-002685,S_BENIGN_10,noise,,false
ALT-002686,S_BENIGN_01,normal_login,,false
ALT-002687,S_BENIGN_04,corporate_nat,,false
ALT-002688,S_BENIGN_04,corporate_nat,,false
ALT-002689,S_BENIGN_01,normal_login,,false
ALT-002690,S_BENIGN_10,noise,,false
ALT-002691,S_BENIGN_02,vpn_login,,false
ALT-002692,S_BENIGN_01,normal_login,,false
ALT-002693,S_BENIGN_08,normal_password_reset,,false
ALT-002694,S_BENIGN_01,normal_login,,false
ALT-002695,S_BENIGN_10,noise,,false
ALT-002696,S_BENIGN_01,normal_login,,false
ALT-002697,S_BENIGN_01,normal_login,,false
ALT-002698,S_BENIGN_03,public_wifi,,false
ALT-002699,S_BENIGN_01,normal_login,,false
ALT-002700,S_BENIGN_01,normal_login,,false
ALT-002701,S_BENIGN_01,normal_login,,false
ALT-002702,S_BENIGN_01,normal_login,,false
ALT-002703,S_BENIGN_01,normal_login,,false
ALT-002704,S_BENIGN_10,noise,,false
ALT-002705,S_BENIGN_10,noise,,false
ALT-002706,S_BENIGN_01,normal_login,,false
ALT-002707,S_BENIGN_01,normal_login,,false
ALT-002708,S_BENIGN_01,normal_login,,false
ALT-002709,S_BENIGN_07,monitoring,,false
ALT-002710,S_BENIGN_04,corporate_nat,,false
ALT-002711,S_BENIGN_04,corporate_nat,,false
ALT-002712,S_BENIGN_01,normal_login,,false
ALT-002713,S_BENIGN_10,noise,,false
ALT-002714,S_BENIGN_01,normal_login,,false
ALT-002715,S_BENIGN_10,noise,,false
ALT-002716,S_BENIGN_10,noise,,false
ALT-002717,S_BENIGN_05,service_account,,false
ALT-002718,S_BENIGN_01,normal_login,,false
ALT-002719,S_BENIGN_05,service_account,,false
ALT-002720,S_BENIGN_07,monitoring,,false
ALT-002721,S_BENIGN_01,normal_login,,false
ALT-002722,S_BENIGN_03,public_wifi,,false
ALT-002723,S_BENIGN_10,noise,,false
ALT-002724,S_BENIGN_10,noise,,false
ALT-002725,S_BENIGN_10,noise,,false
ALT-002726,S_BENIGN_02,vpn_login,,false
ALT-002727,S_BENIGN_01,normal_login,,false
ALT-002728,S_BENIGN_01,normal_login,,false
ALT-002729,S_BENIGN_01,normal_login,,false
ALT-002730,S_BENIGN_01,normal_login,,false
ALT-002731,S_BENIGN_04,corporate_nat,,false
ALT-002732,S_BENIGN_02,vpn_login,,false
ALT-002733,S_BENIGN_10,noise,,false
ALT-002734,S_BENIGN_02,vpn_login,,false
ALT-002735,S_BENIGN_04,corporate_nat,,false
ALT-002736,S_BENIGN_02,vpn_login,,false
ALT-002737,S_BENIGN_04,corporate_nat,,false
ALT-002738,S_BENIGN_04,corporate_nat,,false
ALT-002739,S_BENIGN_07,monitoring,,false
ALT-002740,S_BENIGN_10,noise,,false
ALT-002741,S_BENIGN_08,normal_password_reset,,false
ALT-002742,S_BENIGN_04,corporate_nat,,false
ALT-002743,S_BENIGN_04,corporate_nat,,false
ALT-002744,S_BENIGN_02,vpn_login,,false
ALT-002745,S_BENIGN_03,public_wifi,,false
ALT-002746,S_BENIGN_03,public_wifi,,false
ALT-002747,S_BENIGN_10,noise,,false
ALT-002748,S_BENIGN_04,corporate_nat,,false
ALT-002749,S_BENIGN_02,vpn_login,,false
ALT-002750,S_BENIGN_08,normal_password_reset,,false
ALT-002751,S_BENIGN_10,noise,,false
ALT-002752,S_BENIGN_01,normal_login,,false
ALT-002753,S_BENIGN_04,corporate_nat,,false
ALT-002754,S_BENIGN_08,normal_password_reset,,false
ALT-002755,S_BENIGN_03,public_wifi,,false
ALT-002756,S_BENIGN_08,normal_password_reset,,false
ALT-002757,S_BENIGN_04,corporate_nat,,false
ALT-002758,S_BENIGN_10,noise,,false
ALT-002759,S_BENIGN_01,normal_login,,false
ALT-002760,S_BENIGN_05,service_account,,false
ALT-002761,S_BENIGN_01,normal_login,,false
ALT-002762,S_BENIGN_01,normal_login,,false
ALT-002763,S_BENIGN_10,noise,,false
ALT-002764,S_BENIGN_03,public_wifi,,false
ALT-002765,S_BENIGN_10,noise,,false
ALT-002766,S_BENIGN_01,normal_login,,false
ALT-002767,S_BENIGN_10,noise,,false
ALT-002768,S_BENIGN_04,corporate_nat,,false
ALT-002769,S_BENIGN_01,normal_login,,false
ALT-002770,S_BENIGN_04,corporate_nat,,false
ALT-002771,S_BENIGN_04,corporate_nat,,false
ALT-002772,S_BENIGN_03,public_wifi,,false
ALT-002773,S_BENIGN_02,vpn_login,,false
ALT-002774,S_BENIGN_04,corporate_nat,,false
ALT-002775,S_BENIGN_04,corporate_nat,,false
ALT-002776,S_BENIGN_04,corporate_nat,,false
ALT-002777,S_BENIGN_10,noise,,false
ALT-002778,S_BENIGN_07,monitoring,,false
ALT-002779,S_BENIGN_04,corporate_nat,,false
ALT-002780,S_BENIGN_10,noise,,false
ALT-002781,S_BENIGN_01,normal_login,,false
ALT-002782,S_BENIGN_03,public_wifi,,false
ALT-002783,S_BENIGN_02,vpn_login,,false
ALT-002784,S_BENIGN_04,corporate_nat,,false
ALT-002785,S_BENIGN_01,normal_login,,false
ALT-002786,S_BENIGN_04,corporate_nat,,false
ALT-002787,S_BENIGN_01,normal_login,,false
ALT-002788,S_BENIGN_03,public_wifi,,false
ALT-002789,S_BENIGN_04,corporate_nat,,false
ALT-002790,S_BENIGN_10,noise,,false
ALT-002791,S_BENIGN_08,normal_password_reset,,false
ALT-002792,S_BENIGN_01,normal_login,,false
ALT-002793,S_BENIGN_04,corporate_nat,,false
ALT-002794,S_BENIGN_03,public_wifi,,false
ALT-002795,S_BENIGN_08,normal_password_reset,,false
ALT-002796,S_BENIGN_02,vpn_login,,false
ALT-002797,S_BENIGN_10,noise,,false
ALT-002798,S_BENIGN_04,corporate_nat,,false
ALT-002799,S_BENIGN_03,public_wifi,,false
ALT-002800,S_BENIGN_03,public_wifi,,false
ALT-002801,S_BENIGN_01,normal_login,,false
ALT-002802,S_BENIGN_04,corporate_nat,,false
ALT-002803,S_BENIGN_02,vpn_login,,false
ALT-002804,S_BENIGN_10,noise,,false
ALT-002805,S_BENIGN_02,vpn_login,,false
ALT-002806,S_BENIGN_01,normal_login,,false
ALT-002807,S_BENIGN_02,vpn_login,,false
ALT-002808,S_BENIGN_01,normal_login,,false
ALT-002809,S_BENIGN_10,noise,,false
ALT-002810,S_BENIGN_01,normal_login,,false
ALT-002811,S_BENIGN_02,vpn_login,,false
ALT-002812,S_BENIGN_03,public_wifi,,false
ALT-002813,S_BENIGN_05,service_account,,false
ALT-002814,S_BENIGN_10,noise,,false
ALT-002815,S_BENIGN_03,public_wifi,,false
ALT-002816,S_BENIGN_05,service_account,,false
ALT-002817,S_BENIGN_04,corporate_nat,,false
ALT-002818,S_BENIGN_01,normal_login,,false
ALT-002819,S_BENIGN_04,corporate_nat,,false
ALT-002820,S_BENIGN_03,public_wifi,,false
ALT-002821,S_BENIGN_01,normal_login,,false
ALT-002822,S_BENIGN_05,service_account,,false
ALT-002823,S_BENIGN_02,vpn_login,,false
ALT-002824,S_BENIGN_02,vpn_login,,false
ALT-002825,S_BENIGN_10,noise,,false
ALT-002826,S_BENIGN_07,monitoring,,false
ALT-002827,S_BENIGN_01,normal_login,,false
ALT-002828,S_BENIGN_01,normal_login,,false
ALT-002829,S_BENIGN_02,vpn_login,,false
ALT-002830,S_BENIGN_05,service_account,,false
ALT-002831,S_BENIGN_02,vpn_login,,false
ALT-002832,S_BENIGN_05,service_account,,false
ALT-002833,S_BENIGN_05,service_account,,false
ALT-002834,S_BENIGN_10,noise,,false
ALT-002835,S_BENIGN_02,vpn_login,,false
ALT-002836,S_BENIGN_10,noise,,false
ALT-002837,S_BENIGN_10,noise,,false
ALT-002838,S_BENIGN_10,noise,,false
ALT-002839,S_BENIGN_07,monitoring,,false
ALT-002840,S_BENIGN_01,normal_login,,false
ALT-002841,S_BENIGN_10,noise,,false
ALT-002842,S_BENIGN_05,service_account,,false
ALT-002843,S_BENIGN_02,vpn_login,,false
ALT-002844,S_BENIGN_07,monitoring,,false
ALT-002845,S_BENIGN_02,vpn_login,,false
ALT-002846,S_BENIGN_02,vpn_login,,false
ALT-002847,S_BENIGN_10,noise,,false
ALT-002848,S_BENIGN_02,vpn_login,,false
ALT-002849,S_BENIGN_10,noise,,false
ALT-002850,S_BENIGN_05,service_account,,false
ALT-002851,S_BENIGN_10,noise,,false
ALT-002852,S_BENIGN_10,noise,,false
ALT-002853,S_BENIGN_02,vpn_login,,false
ALT-002854,S_BENIGN_07,monitoring,,false
ALT-002855,S_BENIGN_05,service_account,,false
ALT-002856,S_BENIGN_02,vpn_login,,false
ALT-002857,S_BENIGN_02,vpn_login,,false
ALT-002858,S_BENIGN_05,service_account,,false
ALT-002859,S_BENIGN_07,monitoring,,false
ALT-002860,S_BENIGN_10,noise,,false
ALT-002861,S_BENIGN_10,noise,,false
ALT-002862,S_BENIGN_10,noise,,false
ALT-002863,S_BENIGN_07,monitoring,,false
ALT-002864,S_BENIGN_05,service_account,,false
ALT-002865,S_BENIGN_02,vpn_login,,false
ALT-002866,S_BENIGN_02,vpn_login,,false
ALT-002867,S_BENIGN_01,normal_login,,false
ALT-002868,S_BENIGN_01,normal_login,,false
ALT-002869,S_BENIGN_10,noise,,false
ALT-002870,S_BENIGN_05,service_account,,false
ALT-002871,S_BENIGN_10,noise,,false
ALT-002872,S_BENIGN_01,normal_login,,false
ALT-002873,S_BENIGN_10,noise,,false
ALT-002874,S_BENIGN_01,normal_login,,false
ALT-002875,S_BENIGN_10,noise,,false
ALT-002876,S_BENIGN_07,monitoring,,false
ALT-002877,S_BENIGN_07,monitoring,,false
ALT-002878,S_BENIGN_10,noise,,false
ALT-002879,S_BENIGN_07,monitoring,,false
ALT-002880,S_BENIGN_10,noise,,false
ALT-002881,S_BENIGN_10,noise,,false
ALT-002882,S_BENIGN_02,vpn_login,,false
ALT-002883,S_BENIGN_02,vpn_login,,false
ALT-002884,S_BENIGN_02,vpn_login,,false
ALT-002885,S_BENIGN_05,service_account,,false
ALT-002886,S_BENIGN_02,vpn_login,,false
ALT-002887,S_BENIGN_10,noise,,false
ALT-002888,S_BENIGN_02,vpn_login,,false
ALT-002889,S_BENIGN_10,noise,,false
ALT-002890,S_BENIGN_07,monitoring,,false
ALT-002891,S_BENIGN_10,noise,,false
ALT-002892,S_BENIGN_02,vpn_login,,false
ALT-002893,S_BENIGN_10,noise,,false
ALT-002894,S_BENIGN_01,normal_login,,false
ALT-002895,S_BENIGN_02,vpn_login,,false
ALT-002896,S_BENIGN_02,vpn_login,,false
ALT-002897,S_BENIGN_10,noise,,false
ALT-002898,S_BENIGN_02,vpn_login,,false
ALT-002899,S_BENIGN_10,noise,,false
ALT-002900,S_BENIGN_02,vpn_login,,false
ALT-002901,S_BENIGN_05,service_account,,false
ALT-002902,S_BENIGN_10,noise,,false
ALT-002903,S_BENIGN_01,normal_login,,false
ALT-002904,S_BENIGN_01,normal_login,,false
ALT-002905,S_BENIGN_10,noise,,false
ALT-002906,S_BENIGN_10,noise,,false
ALT-002907,S_BENIGN_05,service_account,,false
ALT-002908,S_BENIGN_07,monitoring,,false
ALT-002909,S_BENIGN_05,service_account,,false
ALT-002910,S_BENIGN_10,noise,,false
ALT-002911,S_BENIGN_05,service_account,,false
ALT-002912,S_BENIGN_10,noise,,false
ALT-002913,S_BENIGN_02,vpn_login,,false
ALT-002914,S_BENIGN_05,service_account,,false
ALT-002915,S_BENIGN_02,vpn_login,,false
ALT-002916,S_BENIGN_02,vpn_login,,false
ALT-002917,S_BENIGN_10,noise,,false
ALT-002918,S_BENIGN_05,service_account,,false
ALT-002919,S_BENIGN_10,noise,,false
ALT-002920,S_BENIGN_02,vpn_login,,false
ALT-002921,S_BENIGN_02,vpn_login,,false
ALT-002922,S_BENIGN_07,monitoring,,false
ALT-002923,S_BENIGN_07,monitoring,,false
ALT-002924,S_BENIGN_01,normal_login,,false
ALT-002925,S_BENIGN_02,vpn_login,,false
ALT-002926,S_BENIGN_05,service_account,,false
ALT-002927,S_BENIGN_10,noise,,false
ALT-002928,S_BENIGN_10,noise,,false
ALT-002929,S_BENIGN_05,service_account,,false
ALT-002930,S_BENIGN_10,noise,,false
ALT-002931,S_BENIGN_02,vpn_login,,false
ALT-002932,S_BENIGN_02,vpn_login,,false
ALT-002933,S_BENIGN_05,service_account,,false
ALT-002934,S_BENIGN_02,vpn_login,,false
ALT-002935,S_BENIGN_02,vpn_login,,false
ALT-002936,S_BENIGN_10,noise,,false
ALT-002937,S_BENIGN_07,monitoring,,false
ALT-002938,S_BENIGN_02,vpn_login,,false
ALT-002939,S_BENIGN_01,normal_login,,false
ALT-002940,S_BENIGN_10,noise,,false
ALT-002941,S_BENIGN_01,normal_login,,false
ALT-002942,S_BENIGN_10,noise,,false
ALT-002943,S_BENIGN_01,normal_login,,false
ALT-002944,S_BENIGN_02,vpn_login,,false
ALT-002945,S_BENIGN_02,vpn_login,,false
ALT-002946,S_BENIGN_10,noise,,false
ALT-002947,S_BENIGN_10,noise,,false
ALT-002948,S_BENIGN_10,noise,,false
ALT-002949,S_BENIGN_10,noise,,false
ALT-002950,S_BENIGN_10,noise,,false
ALT-002951,S_BENIGN_10,noise,,false
ALT-002952,S_BENIGN_10,noise,,false
ALT-002953,S_BENIGN_05,service_account,,false
ALT-002954,S_BENIGN_05,service_account,,false
ALT-002955,S_BENIGN_10,noise,,false
ALT-002956,S_BENIGN_10,noise,,false
ALT-002957,S_BENIGN_10,noise,,false
ALT-002958,S_BENIGN_10,noise,,false
ALT-002959,S_BENIGN_05,service_account,,false
ALT-002960,S_BENIGN_10,noise,,false
ALT-002961,S_BENIGN_10,noise,,false
ALT-002962,S_BENIGN_10,noise,,false
ALT-002963,S_BENIGN_10,noise,,false
ALT-002964,S_BENIGN_05,service_account,,false
ALT-002965,S_BENIGN_10,noise,,false
ALT-002966,S_BENIGN_10,noise,,false
ALT-002967,S_BENIGN_07,monitoring,,false
ALT-002968,S_BENIGN_10,noise,,false
ALT-002969,S_BENIGN_10,noise,,false
ALT-002970,S_BENIGN_10,noise,,false
ALT-002971,S_BENIGN_10,noise,,false
ALT-002972,S_BENIGN_05,service_account,,false
ALT-002973,S_BENIGN_10,noise,,false
ALT-002974,S_BENIGN_10,noise,,false
ALT-002975,S_BENIGN_10,noise,,false
ALT-002976,S_BENIGN_10,noise,,false
ALT-002977,S_BENIGN_05,service_account,,false
ALT-002978,S_BENIGN_10,noise,,false
ALT-002979,S_BENIGN_10,noise,,false
ALT-002980,S_BENIGN_07,monitoring,,false
ALT-002981,S_BENIGN_10,noise,,false
ALT-002982,S_BENIGN_07,monitoring,,false
ALT-002983,S_BENIGN_10,noise,,false
ALT-002984,S_BENIGN_07,monitoring,,false
ALT-002985,S_BENIGN_10,noise,,false
ALT-002986,S_BENIGN_05,service_account,,false
ALT-002987,S_BENIGN_07,monitoring,,false
ALT-002988,S_BENIGN_07,monitoring,,false
ALT-002989,S_BENIGN_10,noise,,false
ALT-002990,S_BENIGN_10,noise,,false
ALT-002991,S_BENIGN_05,service_account,,false
ALT-002992,S_BENIGN_10,noise,,false
ALT-002993,S_BENIGN_10,noise,,false
ALT-002994,S_BENIGN_10,noise,,false
ALT-002995,S_BENIGN_10,noise,,false
ALT-002996,S_BENIGN_05,service_account,,false
ALT-002997,S_BENIGN_10,noise,,false
ALT-002998,S_BENIGN_05,service_account,,false
ALT-002999,S_BENIGN_10,noise,,false
ALT-003000,S_BENIGN_05,service_account,,false
